Rushing.Avg,Rushing.TD,Receiving.Rec,Receiving.Avg,Receiving.TD,Scrimmage.Avg,Scrimmage.TD,Rushing.Yds.PG,Receiving.Yds.PG,Scrimmage.Yds.PG,Rushing.Att.PG,SRS.SOS,NFL.Rushing.Avg
6.4,8,10,11.2,0,6.6,8,93.83333333333333,9.333333333333334,103.16666666666667,14.75,3.3,4.816666666666666
6.3,9,20,6.2,0,6.3,9,113.66666666666667,10.25,123.91666666666667,18,6.11,4
6.2,7,33,9.8,4,6.8,11,92.72727272727273,29.454545454545453,122.18181818181819,15,3.48,3.6666666666666665
5.8,18,6,8,1,5.9,19,140.91666666666666,4,144.91666666666666,24.25,0.49,4.2
5.7,4,22,9,1,6.1,5,76.81818181818181,18,94.81818181818181,13.454545454545455,0.4,3.475
5.4,8,7,8.3,0,5.5,8,52.63636363636363,5.2727272727272725,57.90909090909091,9.818181818181818,9.23,4.111111111111111
5.1,10,24,9.5,1,5.6,11,77.18181818181819,20.818181818181817,98,15.272727272727273,2.52,3.533333333333333
4.9,13,16,7.6,0,5.1,13,102,10.166666666666666,112.16666666666667,20.833333333333332,1.63,3.7
4.8,2,64,9.9,2,6.3,4,66.27272727272727,57.45454545454545,123.72727272727273,13.818181818181818,8,3.5
4.7,9,22,11.7,1,5.4,10,73.63636363636364,23.363636363636363,97,15.818181818181818,5.4,3.4
4.6,7,15,10.1,1,5,8,86.63636363636364,13.818181818181818,100.45454545454545,18.636363636363637,1.03,3.75
4.4,5,7,6.4,0,4.5,5,65.18181818181819,4.090909090909091,69.27272727272727,14.727272727272727,4.22,4.275
4.4,8,7,6,1,4.5,9,43.25,3.5,46.75,9.916666666666666,3.3,3.8499999999999996
4.4,4,9,5,1,4.4,5,30.23076923076923,3.4615384615384617,33.69230769230769,6.923076923076923,7.35,3.5
4.4,2,10,9.3,0,4.9,2,32.63636363636363,8.454545454545455,41.09090909090909,7.454545454545454,5.87,4.225
4.2,5,30,6.2,1,4.4,6,91.81818181818181,16.818181818181817,108.63636363636364,21.818181818181817,-13.85,3.85
4.2,4,11,7.8,0,4.4,4,59.72727272727273,7.818181818181818,67.54545454545455,14.363636363636363,0.13,3.8
4,5,10,5.2,0,4.1,5,33.36363636363637,4.7272727272727275,38.09090909090909,8.272727272727273,7.71,3.75
3.8,8,20,12.3,0,4.8,8,52.09090909090909,22.272727272727273,74.36363636363636,13.818181818181818,5.87,3.7
3.5,6,9,9.6,0,4,6,33.09090909090909,7.818181818181818,40.90909090909091,9.454545454545455,1.9,3.4
7.1,21,17,11.8,2,7.5,23,119.08333333333333,16.75,135.83333333333334,16.75,-1.08,4.318181818181818
7,5,28,10.4,0,7.6,5,89.9090909090909,26.454545454545453,116.36363636363636,12.818181818181818,-11.37,3.6
6.4,9,10,9,0,6.6,9,45.666666666666664,7.5,53.166666666666664,7.166666666666667,6.87,4.06
6.3,9,16,11.1,0,6.8,9,88,16.09090909090909,104.0909090909091,13.909090909090908,1.04,4.275
5.8,16,17,11.2,4,6.3,20,81,15.833333333333334,96.83333333333333,14,6.24,3.9333333333333336
5.7,14,10,8.6,0,5.8,14,119.36363636363636,7.818181818181818,127.18181818181819,20.90909090909091,4.98,3.5999999999999996
5.4,7,37,11,2,6.4,9,80.63636363636364,36.90909090909091,117.54545454545455,14.909090909090908,0.12,3.6666666666666665
5.2,5,3,5,0,5.2,5,46.72727272727273,1.3636363636363635,48.09090909090909,8.909090909090908,-1.66,3.95
5.1,12,8,15.1,0,5.4,12,110.54545454545455,11,121.54545454545455,21.818181818181817,0.91,3.8666666666666667
5.1,11,23,7.7,0,5.4,11,93.63636363636364,16.181818181818183,109.81818181818181,18.272727272727273,-1.55,3.533333333333333
5.1,8,18,5.4,0,5.2,8,90.72727272727273,8.818181818181818,99.54545454545455,17.636363636363637,-3.27,3.8
5,12,29,9.1,0,5.3,12,150.41666666666666,21.916666666666668,172.33333333333334,30.333333333333332,2.66,3.7
5,10,40,9,0,5.6,10,100.81818181818181,32.81818181818182,133.63636363636363,20.363636363636363,5.91,3.475
4.9,16,1,30,0,5.1,16,91,2.5,93.5,18.416666666666668,-0.34,4.3
4.9,8,18,5.9,0,5,8,85.36363636363636,9.636363636363637,95,17.272727272727273,5.89,4.014285714285714
4.9,2,20,9,0,5.5,2,69.5,22.375,91.875,14.25,3.42,3.9727272727272727
4.6,3,41,11.4,3,6.1,6,54.5,38.916666666666664,93.41666666666667,11.916666666666666,6.3,3.5
4.5,7,15,6.7,1,4.6,8,82.18181818181819,9.090909090909092,91.27272727272727,18.272727272727273,5.11,3.6999999999999997
4.4,2,4,6.8,0,4.5,2,43,2.4545454545454546,45.45454545454545,9.818181818181818,5.49,3.75
4.3,2,3,5.3,0,4.3,2,26.916666666666668,1.3333333333333333,28.25,6.333333333333333,2.15,3.8499999999999996
4.1,4,17,7.4,1,4.5,5,44.6,12.5,57.1,10.9,-1.5,3.4
4.1,4,29,11.9,3,5.9,7,32,28.75,60.75,7.833333333333333,4.59,3.75
3.9,0,38,7.9,3,5.1,3,29.09090909090909,27.454545454545453,56.54545454545455,7.545454545454546,0.23,4.35
8,13,1,24,1,8.1,14,122.0909090909091,2.1818181818181817,124.27272727272727,15.181818181818182,4.71,3.9
7.6,9,30,10.5,2,8.2,11,93.88888888888889,35,128.88888888888889,12.333333333333334,-0.47,3.6
7.3,13,13,11.2,3,7.6,16,113.08333333333333,12.083333333333334,125.16666666666667,15.416666666666666,3.73,4.06
6.8,19,22,14.7,2,7.5,21,140.63636363636363,29.454545454545453,170.0909090909091,20.727272727272727,0.42,4.275
6.5,6,28,8.6,2,6.8,8,141.25,30.125,171.375,21.875,0.93,3.6666666666666665
6.5,6,13,3.6,0,6.2,6,95,4.2727272727272725,99.27272727272727,14.727272727272727,7.73,5
6.5,9,9,10.1,1,6.7,10,77.46153846153847,7,84.46153846153847,11.846153846153847,-0.4,3.6
6.2,15,18,7.1,0,6.2,15,148.1818181818182,11.636363636363637,159.8181818181818,24.09090909090909,2.13,4.318181818181818
6,4,13,11.4,0,6.4,4,101.1,14.8,115.9,16.9,4.31,3.5999999999999996
6,2,5,5,0,6,2,84.36363636363636,2.272727272727273,86.63636363636364,14,1.65,4.68
5.6,10,9,9.3,0,5.8,10,81.9,8.4,90.3,14.7,3.9,4.816666666666666
5.4,10,15,15.9,2,6.3,12,75,21.727272727272727,96.72727272727273,14,4.71,3.9333333333333336
5.3,10,14,8,0,5.4,10,116.27272727272727,10.181818181818182,126.45454545454545,22,1.54,3.95
5.2,6,17,14.4,3,5.8,9,104.0909090909091,22.181818181818183,126.27272727272727,20.181818181818183,1.72,3.6999999999999997
5.2,13,8,6.8,0,5.3,13,69.6923076923077,4.153846153846154,73.84615384615384,13.384615384615385,0.78,3.8
5.2,0,5,15,1,5.7,1,62,9.375,71.375,12,1.89,3.4
5.1,13,14,6.6,0,5.2,13,108.63636363636364,8.454545454545455,117.0909090909091,21.454545454545453,0.66,3.533333333333333
5,15,16,5.6,2,5,17,111.58333333333333,7.5,119.08333333333333,22.25,0.78,3.8666666666666667
5,6,3,1.3,0,5,6,121.63636363636364,0.36363636363636365,122,24.09090909090909,-9.3,4.5
4.8,8,37,10.9,2,5.9,10,70.91666666666667,33.75,104.66666666666667,14.75,7.15,3.5
4.6,5,33,9.6,1,5.5,6,73,31.7,104.7,15.8,0.7,3.9727272727272727
4.5,7,7,17.3,1,5.5,8,35.09090909090909,11,46.09090909090909,7.7272727272727275,1.65,4.014285714285714
4.4,5,1,9,0,4.4,5,46.3,0.9,47.2,10.6,3.9,3.8499999999999996
4.3,6,7,10.1,0,4.7,6,38.27272727272727,6.454545454545454,44.72727272727273,8.818181818181818,3.28,3.75
3.6,9,55,7.3,1,4.3,10,75.25,33.333333333333336,108.58333333333333,20.833333333333332,6.02,3.475
3.4,11,0,0,0,3.4,11,45,0,45,13.333333333333334,-1.42,4.3
8.5,7,19,11.8,4,9.2,11,55.72727272727273,20.363636363636363,76.0909090909091,6.545454545454546,2.52,3.25
7.3,8,12,6.8,0,7.3,8,105.54545454545455,7.363636363636363,112.9090909090909,14.454545454545455,3.57,4.68
7.2,8,8,16.8,1,7.8,9,82.3,13.4,95.7,11.4,0.65,3.74
6.6,7,6,8.2,0,6.7,7,93.27272727272727,4.454545454545454,97.72727272727273,14.090909090909092,5.93,3.6
6.4,14,19,9.3,0,6.6,14,123.08333333333333,14.666666666666666,137.75,19.166666666666668,-1.68,3.6
6.2,9,12,7.4,0,6.4,9,48.81818181818182,8.090909090909092,56.90909090909091,7.818181818181818,3.57,4.014285714285714
6,12,16,6.6,0,6.1,12,179.63636363636363,9.636363636363637,189.27272727272728,29.727272727272727,-6.91,4.5
6,9,13,10.1,1,6.3,10,83,10.916666666666666,93.91666666666667,13.75,4.3,3.4
5.9,22,22,6.8,0,5.9,22,159.27272727272728,13.636363636363637,172.9090909090909,27.09090909090909,2.42,3.95
5.8,5,8,13.8,1,6.3,6,54.90909090909091,10,64.9090909090909,9.545454545454545,3.81,4.014285714285714
5.7,14,23,6,0,5.8,14,118.0909090909091,12.636363636363637,130.72727272727272,20.545454545454547,4.57,5
5.7,11,17,10.8,3,6.2,14,79.83333333333333,15.25,95.08333333333333,14,-2.3,4.025
5.7,5,7,5.9,0,5.7,5,84.36363636363636,3.727272727272727,88.0909090909091,14.909090909090908,1.26,4.3
5.7,6,6,13,1,6,7,101,11.142857142857142,112.14285714285714,17.714285714285715,2.52,3.8666666666666667
5.6,5,0,0,0,5.6,5,46.916666666666664,0,46.916666666666664,8.333333333333334,8.64,3.5
5.5,13,14,10.9,1,5.8,14,125.44444444444444,16.88888888888889,142.33333333333334,23,6.23,4.06
5.5,5,2,3,0,5.5,5,50.8,0.6,51.4,9.2,5.48,3.3
5.5,3,11,11.1,1,6.1,4,43.63636363636363,11.090909090909092,54.72727272727273,7.909090909090909,-0.35,4.057142857142857
5.2,11,36,7.5,0,5.5,11,107.41666666666667,22.583333333333332,130,20.583333333333332,5.07,3.475
5.2,13,11,6.5,0,5.3,13,90.54545454545455,6.545454545454546,97.0909090909091,17.363636363636363,2.52,3.8
5.2,8,13,9.1,0,5.5,8,93.77777777777777,13.11111111111111,106.88888888888889,17.88888888888889,6.07,3.55
5.1,21,47,13.7,3,6.3,24,127.5,53.666666666666664,181.16666666666666,25,-0.34,4.318181818181818
5.1,7,33,7.5,1,5.4,8,107.5,24.9,132.4,21,6.35,3.9727272727272727
4.9,12,6,9.2,0,5,12,112,4.583333333333333,116.58333333333333,22.75,5.93,3.8499999999999996
4.9,5,12,13.4,3,5.5,8,74.9090909090909,14.636363636363637,89.54545454545455,15.181818181818182,4.65,4.64
4.8,1,14,8.6,1,5.1,2,67.18181818181819,11,78.18181818181819,13.909090909090908,5.31,3.5666666666666664
4.6,3,4,12.8,0,5.1,3,40.625,6.375,47,8.75,5.31,3.7
4.5,8,7,4.4,0,4.5,8,101,2.8181818181818183,103.81818181818181,22.363636363636363,6.51,3.75
4.3,2,29,7.1,3,5,5,83.4,41,124.4,19.2,3.23,3.6
4.2,11,1,16,1,4.3,12,54,1.3333333333333333,55.333333333333336,12.833333333333334,-5.55,4.3
3.9,7,25,7.4,1,4.5,8,51.18181818181818,16.818181818181817,68,13,3.81,3.75
2.3,0,0,0,0,2.3,0,15.9,0,15.9,6.9,7.35,3.875
7.8,23,14,8.8,0,7.8,23,139.9090909090909,11.181818181818182,151.0909090909091,18,6.77,3.6
6.9,24,24,12.3,0,7.3,24,186.8181818181818,26.727272727272727,213.54545454545453,27.09090909090909,3.9,3.55
6.8,8,34,9.1,1,7.2,9,93.27272727272727,28,121.27272727272727,13.818181818181818,6.48,4.108333333333333
6,16,22,7.8,0,6.1,16,143.5,14.333333333333334,157.83333333333334,23.833333333333332,2.26,3.3
6,12,23,7.8,1,6.2,13,123,15,138,20.333333333333332,5.67,3.4
6,11,17,8.6,3,6.3,14,93.45454545454545,13.363636363636363,106.81818181818181,15.454545454545455,5.58,4.014285714285714
5.7,13,12,7.7,0,5.8,13,114.81818181818181,8.363636363636363,123.18181818181819,20.09090909090909,2.5,4.057142857142857
5.5,9,24,8.3,0,5.7,9,126.36363636363636,18.09090909090909,144.45454545454547,23.181818181818183,4.94,5
5.4,12,14,8.8,2,5.7,14,95.33333333333333,10.25,105.58333333333333,17.5,11.48,4.06
5.4,9,9,4.7,0,5.4,9,64.27272727272727,3.8181818181818183,68.0909090909091,11.818181818181818,-0.4,3.25
5.2,12,16,7.3,0,5.3,12,110.92307692307692,9,119.92307692307692,21.23076923076923,6.6,3.611111111111111
5.1,8,29,9.3,0,5.7,8,72.75,22.583333333333332,95.33333333333333,14.25,6.25,4.63
5.1,10,12,11.5,1,5.7,11,73.22222222222223,15.333333333333334,88.55555555555556,14.333333333333334,5.27,3.7
5,4,12,9.9,1,5.4,5,73.18181818181819,10.818181818181818,84,14.545454545454545,6.34,4.3
4.9,12,8,5.5,0,5,12,80.44444444444444,4.888888888888889,85.33333333333333,16.333333333333332,3.33,4.014285714285714
4.9,3,19,6.6,0,5.2,3,59.1,12.6,71.7,12,-0.46,4.7125
4.6,1,7,11.9,0,5,1,50.54545454545455,7.545454545454546,58.09090909090909,10.909090909090908,9.65,3
4.6,6,31,10.6,0,6.1,6,40.45454545454545,30,70.45454545454545,8.818181818181818,4.17,4.64
4.4,12,17,13.8,4,5.1,16,78.9090909090909,21.363636363636363,100.27272727272727,18.09090909090909,-0.4,3.8
4.4,5,5,2,0,4.3,5,47.63636363636363,0.9090909090909091,48.54545454545455,10.909090909090908,1.41,4.516666666666667
4.2,4,6,7.3,0,4.3,4,52,4.4,56.4,12.5,6.83,2.3
4,2,18,8.6,1,4.5,3,49.27272727272727,14.090909090909092,63.36363636363637,12.363636363636363,5.27,3.5666666666666664
7.7,13,12,8.5,3,7.8,16,98.72727272727273,9.272727272727273,108,12.818181818181818,3.78,4.275
7.7,9,4,3.5,0,7.5,9,109.4,2.8,112.2,14.2,3.78,3.3
7.5,13,43,6.8,3,7.3,16,112.9090909090909,26.727272727272727,139.63636363636363,15.090909090909092,1.61,4.108333333333333
6.1,9,19,11.4,1,6.6,10,100.1,21.6,121.7,16.5,3.43,3.7
6,8,16,14,0,6.7,8,82.5,18.666666666666668,101.16666666666667,13.833333333333334,1.5,4.125
6,4,0,0,0,6,4,62.09090909090909,0,62.09090909090909,10.272727272727273,8.28,3.2
5.9,24,47,8.9,1,6.3,25,148.23076923076923,32.07692307692308,180.30769230769232,25.23076923076923,8.6,3.611111111111111
5.9,14,10,12.8,3,6.3,17,97.0909090909091,11.636363636363637,108.72727272727273,16.363636363636363,1.79,4.057142857142857
5.9,9,1,6,0,5.9,9,69.5,0.5,70,11.75,-1.8,3.8
5.8,15,14,11.4,1,6,16,182.72727272727272,14.454545454545455,197.1818181818182,31.363636363636363,2.32,3.6
5.8,15,21,8.7,0,6.1,15,87,16.636363636363637,103.63636363636364,15.090909090909092,6.19,3.7
5.8,8,31,7.6,2,6.2,10,66.9090909090909,21.454545454545453,88.36363636363636,11.545454545454545,2.27,4.016666666666667
5.6,4,13,6.8,0,5.7,4,53.90909090909091,8.090909090909092,62,9.636363636363637,0.46,3.2
5.4,17,19,8.1,0,5.6,17,145.45454545454547,13.909090909090908,159.36363636363637,26.727272727272727,5.82,4.3
5.3,12,20,9.4,1,5.6,13,130.91666666666666,15.666666666666666,146.58333333333334,24.666666666666668,3.73,3.466666666666667
5.3,14,22,9.8,2,5.6,16,116.41666666666667,18,134.41666666666666,22.083333333333332,1.84,4.7125
4.9,6,5,17.2,1,5.2,7,85.2,8.6,93.8,17.4,2.77,4.2
4.6,17,27,6.2,1,4.7,18,148.75,14,162.75,32.25,9.27,3
4.6,13,25,15.2,3,5.5,16,112.2,37.9,150.1,24.6,1.03,3.25
4.4,7,15,7.4,0,4.7,7,56.1,11.1,67.2,12.7,-4.62,3.82
4,5,8,7.1,0,4.1,5,95.54545454545455,5.181818181818182,100.72727272727273,24,9.31,2.3
4,5,13,9.4,0,4.4,5,60.8,12.2,73,15.2,4.38,3.8
3.9,4,8,8.4,0,4.3,4,31.818181818181817,6.090909090909091,37.90909090909091,8.181818181818182,0.36,3.4
3.9,2,10,12.1,1,4.7,3,33.8,12.1,45.9,8.7,3.43,3.5666666666666664
3.9,5,15,6.1,0,4.2,5,33.4,9.1,42.5,8.6,9.94,3.9
7.6,6,7,7.6,0,7.6,6,53.54545454545455,4.818181818181818,58.36363636363637,7,4.2,4.242857142857143
6.5,21,14,9.5,0,6.6,21,162.23076923076923,10.23076923076923,172.46153846153845,25,2.07,3.8249999999999997
6.2,12,25,11.6,2,6.8,14,106,24.25,130.25,17.083333333333332,5.03,4.125
6.2,12,30,11.8,2,7,14,107.27272727272727,32.27272727272727,139.54545454545453,17.181818181818183,5.79,4.108333333333333
6.1,14,28,7.2,1,6.3,15,112.63636363636364,18.272727272727273,130.9090909090909,18.363636363636363,2.43,3.8
6,5,8,15,0,6.7,5,69.88888888888889,13.333333333333334,83.22222222222223,11.555555555555555,5.3,4.63
5.9,7,9,10.3,0,6.2,7,91.7,9.3,101,15.5,6.53,4.275
5.9,13,4,18.5,0,6.3,13,98.88888888888889,8.222222222222221,107.11111111111111,16.666666666666668,2.43,3.2
5.8,9,10,8,0,6,9,122.75,10,132.75,21,-1.66,3.8
5.7,22,15,18.2,1,6.4,23,141.36363636363637,24.818181818181817,166.1818181818182,24.636363636363637,5.94,4.26
5.4,21,13,4.9,0,5.4,21,198.63636363636363,5.818181818181818,204.45454545454547,36.54545454545455,4.73,3.6
5.4,14,22,11.7,0,5.9,14,123.63636363636364,23.454545454545453,147.0909090909091,22.727272727272727,3.03,4.7125
5.4,13,32,9.1,1,5.9,14,100.83333333333333,24.25,125.08333333333333,18.666666666666668,4.43,3.2
5.3,13,15,7.3,0,5.4,13,102.9090909090909,9.909090909090908,112.81818181818181,19.454545454545453,-3.31,3.82
5.2,17,26,7.5,1,5.4,18,132,17.818181818181817,149.8181818181818,25.454545454545453,2.84,3
5.2,13,10,13.4,0,5.5,13,116.54545454545455,12.181818181818182,128.72727272727272,22.545454545454547,1.5,4.2
5.1,9,28,9,0,5.6,9,101.45454545454545,23,124.45454545454545,19.818181818181817,4.6,4.016666666666667
4.9,12,23,10.5,1,5.4,13,116.45454545454545,21.90909090909091,138.36363636363637,23.636363636363637,6.49,2.3
4.9,12,1,7,0,4.9,12,54.63636363636363,0.6363636363636364,55.27272727272727,11.181818181818182,-8.12,3
4.7,9,16,3.7,1,4.6,10,94.0909090909091,5.363636363636363,99.45454545454545,20.181818181818183,1.46,3.6666666666666665
4.7,2,18,8.4,1,5.1,3,69.81818181818181,13.818181818181818,83.63636363636364,14.818181818181818,3.81,3.5666666666666664
4.6,17,21,13.5,3,5.4,20,94,25.727272727272727,119.72727272727273,20.363636363636363,6.94,3.5
4.3,9,23,8.7,1,4.8,10,72.72727272727273,18.09090909090909,90.81818181818181,16.727272727272727,6.01,3.8
8.3,3,1,11,0,8.3,3,149,2.75,151.75,18,4.76,3.2
7.3,6,10,5.2,0,7.1,6,66.11111111111111,5.777777777777778,71.88888888888889,9,-3.31,3.25
6.8,25,20,7.5,0,6.8,25,172.0909090909091,13.636363636363637,185.72727272727272,25.363636363636363,0.1,4.125
6.8,22,14,7.5,0,6.8,22,156.41666666666666,8.75,165.16666666666666,23.166666666666668,2.53,4.275
6.2,8,15,9.7,1,6.5,9,107.75,18.25,126,17.375,8.07,3.7
6.1,7,15,12.4,1,6.7,8,86.5,18.6,105.1,14.2,3.85,3.2
6,19,25,8.6,1,6.2,20,113.58333333333333,17.916666666666668,131.5,19,2.4,3.2
6,13,24,9.9,0,6.4,13,117.45454545454545,21.636363636363637,139.0909090909091,19.454545454545453,8.9,4.63
6,13,19,13.2,1,6.6,14,109.8,25,134.8,18.4,-3.31,4.06
5.9,7,23,11.6,2,6.4,9,113.66666666666667,22.166666666666668,135.83333333333334,19.333333333333332,10.56,4.088888888888889
5.8,4,3,8,0,5.9,4,100.5,3,103.5,17.25,6.66,4.2
5.7,18,16,8.2,0,5.8,18,144.45454545454547,11.909090909090908,156.36363636363637,25.545454545454547,-2.63,3.6666666666666665
5.6,15,16,5.8,0,5.6,15,127.11111111111111,10.333333333333334,137.44444444444446,22.77777777777778,4.76,4.2
5.5,15,10,11.7,0,5.8,15,132.45454545454547,10.636363636363637,143.0909090909091,23.90909090909091,1.58,3.8249999999999997
5.5,12,23,9.3,1,6,13,90.8,21.4,112.2,16.5,5.59,3.8
5.3,4,4,9.8,1,5.4,5,74,3.5454545454545454,77.54545454545455,14,-4.66,3.8
5.3,5,18,7.9,0,5.6,5,54.90909090909091,13,67.9090909090909,10.454545454545455,8.94,3.5
5.2,25,23,6,0,5.3,25,140.8181818181818,12.545454545454545,153.36363636363637,26.90909090909091,-5.85,3
5,22,22,17.7,4,6,26,106.83333333333333,32.416666666666664,139.25,21.5,6.2,3.5
4.9,10,23,10,0,5.5,10,76.54545454545455,20.818181818181817,97.36363636363636,15.727272727272727,-2.46,3.4
4.7,5,0,0,0,4.7,5,40.916666666666664,0,40.916666666666664,8.75,2.34,3.1
4.6,3,4,9.3,0,4.8,3,46.111111111111114,4.111111111111111,50.22222222222222,10,6.82,4.242857142857143
4.4,8,32,8,2,4.9,10,96.0909090909091,23.181818181818183,119.27272727272727,21.636363636363637,-3.19,3.82
4.4,3,10,13,0,4.9,3,81.27272727272727,11.818181818181818,93.0909090909091,18.272727272727273,0.96,4.125
4.3,4,35,7.9,2,4.7,6,113.9090909090909,25.181818181818183,139.0909090909091,26.727272727272727,5.4,2.3
4.3,6,11,9.9,0,4.7,6,48.90909090909091,9.909090909090908,58.81818181818182,11.454545454545455,-2.58,4.28
4.3,4,7,10.1,0,4.7,4,36.54545454545455,6.454545454545454,43,8.545454545454545,8.25,4.133333333333333
4.1,5,21,9.8,0,4.9,5,48.09090909090909,18.636363636363637,66.72727272727273,11.818181818181818,4.47,3.966666666666667
4,10,29,9.9,1,4.7,11,91.27272727272727,26,117.27272727272727,22.545454545454547,2.04,3.4
3.8,8,13,7.4,0,4,8,82.9090909090909,8.727272727272727,91.63636363636364,21.545454545454547,-3.79,3.2
3.4,4,17,7.5,1,3.8,5,62.90909090909091,11.545454545454545,74.45454545454545,18.272727272727273,4.33,3.911111111111111
7.4,9,3,14.7,2,7.5,11,164.8,8.8,173.6,22.4,3.81,3.966666666666667
7.3,10,9,21.2,0,8,10,110.9090909090909,17.363636363636363,128.27272727272728,15.181818181818182,0.93,4.2
6.6,5,5,6,0,6.6,5,49.54545454545455,2.727272727272727,52.27272727272727,7.454545454545454,0.94,3.25
6.5,7,2,0,0,6.4,7,63.833333333333336,0,63.833333333333336,9.833333333333334,4.77,3
6,4,7,15,2,6.5,6,68.0909090909091,9.545454545454545,77.63636363636364,11.363636363636363,-1.45,3.4
5.9,27,24,10.9,1,6.2,28,193.0909090909091,23.818181818181817,216.9090909090909,32.81818181818182,6.07,4.125
5.9,17,17,15,2,6.5,19,128.72727272727272,23.181818181818183,151.9090909090909,22,0.94,4.06
5.6,12,22,13,3,6.2,15,116.27272727272727,26.09090909090909,142.36363636363637,20.818181818181817,4.57,4.2
5.6,8,13,6.8,0,5.7,8,66.58333333333333,7.333333333333333,73.91666666666667,11.833333333333334,6.52,4.733333333333333
5.5,13,28,6.4,2,5.6,15,118.45454545454545,16.272727272727273,134.72727272727272,21.636363636363637,2.63,3.911111111111111
5.5,7,4,7.8,0,5.6,7,88.18181818181819,2.8181818181818183,91,16,4.42,4
5.5,5,10,13.6,1,6.2,6,57,13.6,70.6,10.3,-6.77,4.633333333333334
5.3,11,22,8.8,0,5.7,11,88.3,19.4,107.7,16.6,3.71,3.2
5.2,13,18,9.8,0,5.4,13,143.8181818181818,16,159.8181818181818,27.818181818181817,2.92,4.125
5.2,15,6,7.5,0,5.2,15,138.63636363636363,4.090909090909091,142.72727272727272,26.818181818181817,1.78,3.8249999999999997
5.2,13,23,8,1,5.4,14,132.9090909090909,16.727272727272727,149.63636363636363,25.727272727272727,1.54,3.6666666666666665
5.2,12,15,9.3,0,5.6,12,69.18181818181819,12.727272727272727,81.9090909090909,13.272727272727273,3.86,3.966666666666667
5.1,7,18,8.6,0,5.4,7,98.36363636363636,14,112.36363636363636,19.272727272727273,-0.04,4.133333333333333
5,8,6,5.7,0,5,8,65.18181818181819,3.090909090909091,68.27272727272727,13.090909090909092,-0.23,4.28
4.9,19,11,9.7,1,5,20,162.45454545454547,9.727272727272727,172.1818181818182,33.18181818181818,-10.43,3
4.9,4,22,7.5,0,5.2,4,70.1,16.6,86.7,14.4,3.32,3.5
4.9,10,10,11.7,0,5.3,10,63.45454545454545,10.636363636363637,74.0909090909091,13,2.68,4.2
4.8,12,2,5.5,1,4.8,13,106.63636363636364,1,107.63636363636364,22.181818181818183,-6.24,4.366666666666667
4.6,13,26,14.8,4,5.5,17,107.0909090909091,35,142.0909090909091,23.454545454545453,6.05,4.242857142857143
4.4,4,11,12.7,1,5.1,5,59.22222222222222,15.555555555555555,74.77777777777777,13.444444444444445,0.54,3.933333333333333
3.6,5,20,13,0,4.5,5,61.72727272727273,23.545454545454547,85.27272727272727,17.09090909090909,5.08,4.7
3.6,1,1,5,0,3.6,1,27.7,0.5,28.2,7.7,3.86,4.033333333333333
6.5,20,16,5.3,0,6.4,20,164.5,7,171.5,25.333333333333332,-5.75,4.28
6.5,12,8,5.9,0,6.4,12,106.9090909090909,4.2727272727272725,111.18181818181819,16.545454545454547,-8.96,4.633333333333334
6.3,11,30,8.4,1,6.6,12,133.5,21.083333333333332,154.58333333333334,21.083333333333332,1.66,4.2
6.3,8,3,1,0,6.2,8,71.81818181818181,0.2727272727272727,72.0909090909091,11.363636363636363,7.14,4
6.2,6,0,0,0,6.2,6,68.66666666666667,0,68.66666666666667,11,-4.38,5.199999999999999
6,20,1,9,0,6,20,169.5,0.75,170.25,28.083333333333332,0.88,3.8249999999999997
6,6,3,7,0,6,6,60.18181818181818,1.9090909090909092,62.09090909090909,10.090909090909092,5.15,4.733333333333333
5.9,8,4,11,2,6,10,83.8,4.4,88.2,14.3,3.86,4.4
5.6,5,6,6.2,0,5.6,5,72.66666666666667,4.111111111111111,76.77777777777777,13,6.86,4.5
5.5,13,23,11.1,1,6.2,14,84.54545454545455,23.272727272727273,107.81818181818181,15.272727272727273,3.37,4.133333333333333
5.4,16,22,10.9,1,5.7,17,163.45454545454547,21.727272727272727,185.1818181818182,30.363636363636363,3.66,3.911111111111111
5.1,10,2,16,0,5.3,10,50.5,2.6666666666666665,53.166666666666664,9.833333333333334,7.03,4
5,10,3,13.3,1,5.1,11,97.7,4,101.7,19.5,-1.51,4.366666666666667
5,8,10,6.4,1,5.1,9,44.75,5.333333333333333,50.083333333333336,8.916666666666666,1.19,2.65
5,3,3,30,0,6,3,31.25,7.5,38.75,6.25,6.84,3.9833333333333334
4.9,12,15,6.7,1,5,13,106.72727272727273,9.090909090909092,115.81818181818181,21.90909090909091,1.81,3.2
4.7,17,19,14.2,4,5.2,21,150.8181818181818,24.545454545454547,175.36363636363637,32.18181818181818,-9.46,3
4.6,19,25,12.9,4,5.2,23,125.72727272727273,29.363636363636363,155.0909090909091,27.454545454545453,9.26,4.242857142857143
4.6,9,13,10.2,1,5,10,86.88888888888889,14.777777777777779,101.66666666666667,18.77777777777778,3.86,3.25
4.5,9,17,9.6,1,4.8,10,102.83333333333333,13.583333333333334,116.41666666666667,23.083333333333332,1.09,3.966666666666667
4.5,5,20,9.8,1,5,6,77.9090909090909,17.727272727272727,95.63636363636364,17.181818181818183,7.24,4.7
4.5,7,15,12.9,1,5.1,8,81.6,19.3,100.9,18.2,7.14,4.088888888888889
4.5,6,6,15.7,1,4.9,7,63,9.4,72.4,14.1,1.09,3.933333333333333
4.4,16,29,5.7,0,4.6,16,114.27272727272727,15.090909090909092,129.36363636363637,25.727272727272727,7.86,3.966666666666667
4.3,6,14,9.6,2,4.9,8,42.63636363636363,12.272727272727273,54.90909090909091,10,1.09,3.8
4,3,23,16.8,2,5.8,5,62.44444444444444,42.888888888888886,105.33333333333333,15.555555555555555,-1.83,4.2
7.1,7,5,17,1,7.5,8,68.18181818181819,7.7272727272727275,75.9090909090909,9.636363636363637,4.51,4.733333333333333
6.3,2,5,20.6,0,7.2,2,60.625,12.875,73.5,9.625,5.22,4.4
6.2,14,6,13,1,6.4,15,105.81818181818181,7.090909090909091,112.9090909090909,17,1.72,3.7333333333333334
5.9,18,17,7.6,1,6,19,133.63636363636363,11.727272727272727,145.36363636363637,22.727272727272727,-9.28,4.633333333333334
5.8,22,10,4,0,5.8,22,196.1818181818182,3.6363636363636362,199.8181818181818,33.54545454545455,-5.79,4.28
5.6,7,8,4.9,0,5.6,7,123,3.5454545454545454,126.54545454545455,21.818181818181817,5.52,4
5.6,8,19,7.5,0,5.9,8,56.333333333333336,11.916666666666666,68.25,10.083333333333334,6.23,4.5
5.4,11,4,5.8,0,5.4,11,152.8181818181818,2.090909090909091,154.9090909090909,28.181818181818183,4.42,4.359999999999999
5.4,16,13,18.4,1,6,17,141,21.727272727272727,162.72727272727272,26.09090909090909,2.93,3.966666666666667
5.4,27,3,14.7,1,5.6,28,109.72727272727273,4,113.72727272727273,20.181818181818183,4,3.7
5.4,5,0,0,0,5.4,5,46.333333333333336,0,46.333333333333336,8.555555555555555,2.93,2.6
5.3,8,13,10.3,1,5.7,9,95.72727272727273,12.181818181818182,107.9090909090909,17.90909090909091,1.93,3.933333333333333
5.2,11,13,5,0,5.2,11,119.45454545454545,5.909090909090909,125.36363636363636,23,1.95,4
5.1,2,33,10.6,1,6,3,89,35,124,17.4,-5.27,4.3
5,11,9,6.2,2,5.1,13,91.45454545454545,5.090909090909091,96.54545454545455,18.272727272727273,5.22,3.25
4.9,7,4,11.3,0,5,7,89.36363636363636,4.090909090909091,93.45454545454545,18.181818181818183,-5.21,4.32
4.8,13,9,7.8,0,4.9,13,130.58333333333334,5.833333333333333,136.41666666666666,27,3.56,3.9
4.8,14,18,10.6,2,5.4,16,69.72727272727273,17.272727272727273,87,14.454545454545455,1.09,4.133333333333333
4.8,3,9,13.6,1,5.7,4,29.833333333333332,10.166666666666666,40,6.25,3.71,4.375
4.7,5,17,6.5,0,4.8,5,90.83333333333333,9.25,100.08333333333333,19.416666666666668,6.86,4.7
4.4,6,9,9.8,0,4.7,6,49.833333333333336,7.333333333333333,57.166666666666664,11.333333333333334,4.13,3.1500000000000004
4.2,8,23,9,2,4.5,10,99,17.333333333333332,116.33333333333333,23.833333333333332,5.08,4.06
4.2,4,10,10.6,0,4.9,4,39.44444444444444,11.777777777777779,51.22222222222222,9.333333333333334,1.85,4.25
4.1,7,6,8.3,0,4.2,7,65.7,5,70.7,16.2,5.12,3.9833333333333334
3.9,0,11,10.9,0,4.8,0,26.90909090909091,10.909090909090908,37.81818181818182,6.818181818181818,1.93,3.8
3.6,2,3,8.7,0,3.8,2,44.714285714285715,3.7142857142857144,48.42857142857143,12.428571428571429,4.6,2.65
3.3,5,52,4.4,2,3.6,7,35.083333333333336,19,54.083333333333336,10.583333333333334,1.65,4.125
8,5,2,10.5,0,8.1,5,74,2.625,76.625,9.25,6.23,4.6
6.3,7,2,9.5,0,6.3,7,67.45454545454545,1.7272727272727273,69.18181818181819,10.727272727272727,1.76,3.8000000000000003
6,7,11,6.5,2,6.1,9,88.16666666666667,5.916666666666667,94.08333333333333,14.583333333333334,4.67,4.4
5.9,15,23,11.3,2,6.3,17,155.9,26,181.9,26.5,3.19,3.7333333333333334
5.8,9,12,8.3,1,6,10,95.36363636363636,9,104.36363636363636,16.363636363636363,4.67,4.06
5.5,10,12,10.4,1,5.7,11,109.0909090909091,11.363636363636363,120.45454545454545,20,5.09,4.4
5.5,5,6,7.8,0,5.5,5,87,4.2727272727272725,91.27272727272727,15.909090909090908,2.16,3.975
5.4,8,65,11.6,7,6.7,15,118.41666666666667,63,181.41666666666666,21.833333333333332,-1.98,4.3
5.4,12,12,6.7,1,5.5,13,118.33333333333333,6.666666666666667,125,21.916666666666668,2.93,4
5.4,15,11,10.6,0,5.7,15,114.27272727272727,10.636363636363637,124.9090909090909,21.09090909090909,3.73,3.1500000000000004
5.3,20,26,9.3,3,5.7,23,130,22,152,24.363636363636363,-6.62,4.633333333333334
5.3,6,3,3.7,0,5.3,6,64.81818181818181,1,65.81818181818181,12.181818181818182,6.45,1
5.3,5,5,9,1,5.5,6,35.45454545454545,4.090909090909091,39.54545454545455,6.7272727272727275,2.62,4.07
5.2,9,12,10.8,0,5.7,9,72.22222222222223,14.333333333333334,86.55555555555556,13.88888888888889,5.38,4.5
5.1,14,92,6.7,4,5.7,18,66,56.09090909090909,122.0909090909091,12.909090909090908,2.81,4.125
5,16,6,6,0,5,16,78.83333333333333,3,81.83333333333333,15.833333333333334,6.44,4.35
4.8,10,15,9.1,1,5.1,11,88.33333333333333,11.416666666666666,99.75,18.5,3.21,4.7
4.8,3,2,13,0,5,3,44.44444444444444,2.888888888888889,47.333333333333336,9.222222222222221,4.29,4.25
4.7,12,17,11.9,1,5.2,13,87.75,16.916666666666668,104.66666666666667,18.583333333333332,2.21,3.6666666666666665
4.7,2,11,12.4,2,5.8,4,30.636363636363637,12.363636363636363,43,6.454545454545454,7.39,4.375
4.3,6,9,6.3,1,4.4,7,65.27272727272727,5.181818181818182,70.45454545454545,15.272727272727273,6.55,3.9833333333333334
4.3,3,10,7.6,0,4.6,3,39.5,7.6,47.1,9.2,-4.67,4.32
4.1,2,6,7.7,0,4.3,2,45.6,4.6,50.2,11.2,5.73,2.6
3.9,6,18,5.4,0,4.1,6,77.6,9.7,87.3,19.7,3.41,4.6
3.9,2,7,15.6,0,4.8,2,33,10.9,43.9,8.4,6.53,4.35
7.7,20,41,8.5,3,7.8,23,160.53846153846155,26.846153846153847,187.3846153846154,20.846153846153847,3.98,4.375
6.6,5,5,10.2,0,6.8,5,68.4,5.1,73.5,10.3,-3.69,4.5875
6.3,11,4,14.8,2,6.5,13,99.63636363636364,5.363636363636363,105,15.909090909090908,0.66,4.6
6.2,28,27,13.1,0,6.8,28,134.84615384615384,27.307692307692307,162.15384615384616,21.692307692307693,3.04,3.9375
6.2,17,9,11,0,6.4,17,112.6923076923077,7.615384615384615,120.3076923076923,18.23076923076923,-0.12,4.96
6.1,19,5,8,0,6.1,19,153.41666666666666,3.3333333333333335,156.75,25.25,6.56,4.35
5.8,13,9,18.4,1,6.4,14,84,13.833333333333334,97.83333333333333,14.583333333333334,3.98,4.35
5.8,8,10,7.4,0,5.9,8,93.8,7.4,101.2,16.1,7.15,1
5.7,19,10,10,0,5.8,19,159.58333333333334,8.333333333333334,167.91666666666666,28.166666666666668,-4.75,4.32
5.4,9,4,5.3,0,5.4,9,67,1.6153846153846154,68.61538461538461,12.307692307692308,2.31,3.975
5.3,15,17,9.7,2,5.5,17,130,12.692307692307692,142.69230769230768,24.53846153846154,2.6,4.07
5.2,22,11,11.5,2,5.4,24,94.64285714285714,9,103.64285714285714,18.357142857142858,2.31,3.7
4.8,5,1,25,0,4.9,5,43.857142857142854,1.7857142857142858,45.642857142857146,9.214285714285714,4.61,4.6
4.8,5,0,0,0,4.8,5,31.384615384615383,0,31.384615384615383,6.538461538461538,4.01,5.1
4.7,12,13,6,0,4.7,12,114.1,7.8,121.9,24.4,2.13,4.4
4.5,11,22,4.2,0,4.5,11,83.46153846153847,7.153846153846154,90.61538461538461,18.46153846153846,5.97,4.5
4.4,7,8,12.6,0,4.8,7,59.583333333333336,8.416666666666666,68,13.416666666666666,9.49,4.033333333333333
4.2,12,21,5.7,0,4.3,12,99.46153846153847,9.153846153846153,108.61538461538461,23.46153846153846,4.01,3.6666666666666665
4.2,14,14,11.1,0,4.5,14,85.38461538461539,12,97.38461538461539,20.53846153846154,6.82,2.6
4.2,9,9,2.4,0,4.1,9,83.46153846153847,1.6923076923076923,85.15384615384616,20.076923076923077,5.51,4.4
4.2,6,58,7.5,4,5,10,59,31.071428571428573,90.07142857142857,14,5.1,3.8
4,6,52,10.5,3,5,9,87.53846153846153,41.92307692307692,129.46153846153845,22.153846153846153,-5.47,4.3
3.2,1,13,10.5,1,4,2,28.416666666666668,11.333333333333334,39.75,8.833333333333334,3.6,4.3
7.4,8,1,12,0,7.4,8,54.38461538461539,0.9230769230769231,55.30769230769231,7.384615384615385,4.51,4.6
6.9,10,1,11,0,6.9,10,86.23076923076923,0.8461538461538461,87.07692307692308,12.461538461538462,-0.04,4.2
6.5,16,25,11.5,2,6.9,18,132.4,19.133333333333333,151.53333333333333,20.4,1.61,4.96
6,16,9,6.7,0,6.1,16,116.9090909090909,5.454545454545454,122.36363636363636,19.363636363636363,0.93,4.6
5.9,21,14,11.5,0,6.1,21,126.6923076923077,12.384615384615385,139.07692307692307,21.615384615384617,0.6,3.975
5.9,10,35,11,3,6.5,13,130,34.90909090909091,164.9090909090909,22.09090909090909,-5.62,4.5875
5.8,17,13,9.2,0,6,17,92,9.153846153846153,101.15384615384616,15.923076923076923,-0.04,3.8000000000000003
5.8,3,15,20.9,4,8,7,40.07692307692308,24.153846153846153,64.23076923076923,6.923076923076923,3.6,4.288888888888889
5.7,5,21,8.5,3,6.1,8,46.69230769230769,13.692307692307692,60.38461538461539,8.23076923076923,4.51,3.3
5.5,10,10,5.3,0,5.5,10,105.66666666666667,4.416666666666667,110.08333333333333,19.083333333333332,8.04,3.9833333333333334
5.5,6,6,8.8,0,5.6,6,76.66666666666667,4.416666666666667,81.08333333333333,14,6.26,4.3
5.5,9,3,9,0,5.6,9,50.90909090909091,2.4545454545454546,53.36363636363637,9.272727272727273,-4.16,3.3
5.3,14,19,12.1,3,5.7,17,137.33333333333334,19.166666666666668,156.5,25.833333333333332,-7.46,4.32
5.3,21,9,13.3,1,5.5,22,113.33333333333333,10,123.33333333333333,21.5,2.97,3.6666666666666665
5.3,4,12,8.8,0,5.7,4,93.6,21,114.6,17.8,4.16,4.226666666666667
5,18,44,8.3,2,5.3,20,128.76923076923077,28.23076923076923,157,26,3.94,2.6
4.9,5,39,10.5,4,5.9,9,101.66666666666667,45.333333333333336,147,20.555555555555557,-4.34,4.3
4.7,5,8,10,0,5.1,5,40.54545454545455,7.2727272727272725,47.81818181818182,8.636363636363637,4.7,4.35
4.6,2,14,6.1,1,4.7,3,43.333333333333336,7.166666666666667,50.5,9.5,3.28,3.88
4.4,19,44,10.7,3,5.1,22,118.84615384615384,36.15384615384615,155,26.923076923076923,1.82,4.07
4.3,7,9,5.8,0,4.4,7,47.53846153846154,4,51.53846153846154,11.076923076923077,6.9,1
4.2,7,15,11.2,1,4.6,8,78.16666666666667,14,92.16666666666667,18.75,3.38,3.85
4.1,10,29,8.7,4,4.6,14,77.41666666666667,21.083333333333332,98.5,18.916666666666668,4.46,3.8
3.6,3,9,7.1,0,3.8,3,42.5,5.333333333333333,47.833333333333336,11.916666666666666,8.04,4.4
3.5,5,9,4.3,0,3.6,5,24.166666666666668,3.25,27.416666666666668,6.916666666666667,-1.44,2.1
7.5,6,0,0,0,7.5,6,56.54545454545455,0,56.54545454545455,7.545454545454546,4.94,4.6
7,15,21,5.8,0,6.9,15,168.16666666666666,10.083333333333334,178.25,24.083333333333332,6.18,3.3
6.9,7,14,6.4,0,6.8,7,95.1,9,104.1,13.8,4.75,4.3
6.7,3,26,11.3,4,7.7,7,56.666666666666664,24.5,81.16666666666667,8.416666666666666,3.98,3.88
6.3,6,43,11.8,7,7.6,13,69.84615384615384,39.15384615384615,109,11,8.22,4.288888888888889
6.2,22,18,11.7,1,6.5,23,162.33333333333334,17.5,179.83333333333334,26.083333333333332,-4.22,4.5875
6.2,12,3,5.3,0,6.2,12,112.33333333333333,1.3333333333333333,113.66666666666667,18.083333333333332,1.49,4.2
6,8,34,9.2,1,6.6,9,76.08333333333333,26.083333333333332,102.16666666666667,12.75,1.94,4.35
5.9,8,14,6.8,1,6,9,81.18181818181819,8.636363636363637,89.81818181818181,13.818181818181818,1.83,4.75
5.7,15,5,2.4,0,5.6,15,148.07692307692307,0.9230769230769231,149,26.076923076923077,6.85,4.575
5.6,19,22,8.1,1,5.8,20,152.83333333333334,14.916666666666666,167.75,27.166666666666668,5.18,3.6666666666666665
5.6,7,11,14.1,0,6.2,7,61.166666666666664,12.916666666666666,74.08333333333333,11,-1.37,4.3
5.5,11,3,9,0,5.5,11,105.75,2.25,108,19.25,1.49,3.8000000000000003
5.4,11,32,7,0,5.6,11,119.81818181818181,20.272727272727273,140.0909090909091,22.181818181818183,3.4,4.96
5.2,9,10,6.9,0,5.3,9,81.81818181818181,6.2727272727272725,88.0909090909091,15.818181818181818,5.39,4.4
4.9,17,12,12.1,0,5.4,17,72,12.083333333333334,84.08333333333333,14.583333333333334,3.99,3.8
4.9,3,14,13.4,2,6,5,46.2,18.7,64.9,9.5,-5.24,4.45
4.8,8,10,10.6,0,5.1,8,78.75,8.833333333333334,87.58333333333333,16.416666666666668,7.2,4.226666666666667
4.6,5,19,4.2,0,4.6,5,85.54545454545455,7.181818181818182,92.72727272727273,18.636363636363637,8.74,4.3
4.6,6,0,0,0,4.6,6,39,0,39,8.5,2.23,3.7
4.5,4,20,9,2,5,6,56.72727272727273,16.363636363636363,73.0909090909091,12.727272727272727,-4.21,4.13
4.2,5,32,7.4,2,4.8,7,51,21.454545454545453,72.45454545454545,12.181818181818182,-0.07,4.4625
4.1,5,6,8.5,0,4.3,5,57.22222222222222,5.666666666666667,62.888888888888886,14.11111111111111,7.39,4.4
3.4,5,14,5.7,0,3.6,5,72.18181818181819,7.2727272727272725,79.45454545454545,21,2.11,3.85
8.7,16,37,12.9,2,9.4,18,133.84615384615384,36.76923076923077,170.6153846153846,15.384615384615385,6.8,4.288888888888889
7.6,6,7,9.7,0,7.7,6,83.25,5.666666666666667,88.91666666666667,11,-0.03,4.666666666666667
7.4,11,14,11.2,2,7.8,13,67.53846153846153,12.076923076923077,79.61538461538461,9.153846153846153,4.98,5.45
6.4,10,15,8.3,0,6.5,10,124.6,12.5,137.1,19.6,-0.03,4.23
6.3,18,12,6.5,1,6.3,19,178.54545454545453,7.090909090909091,185.63636363636363,28.181818181818183,-4.34,4.5875
6.3,11,14,3.7,0,6.1,11,101.18181818181819,4.7272727272727275,105.9090909090909,16,3.16,4.125
6.3,3,8,12.5,0,6.8,3,56.90909090909091,9.090909090909092,66,9,3.16,4.133333333333333
6.2,16,24,8.6,1,6.3,17,172.72727272727272,18.727272727272727,191.45454545454547,28,1.88,4.4
5.7,5,8,8.1,0,5.8,5,93.33333333333333,5.416666666666667,98.75,16.25,-2.37,4.3
5.6,23,21,12,1,6.2,24,114.3,25.3,139.6,20.5,-0.63,4.3
5.5,17,12,7.9,2,5.6,19,112.8,9.5,122.3,20.5,0.71,4.05
5.2,10,17,10,1,5.5,11,133.0909090909091,15.454545454545455,148.54545454545453,25.545454545454547,6.81,4.2
5.2,6,7,10.9,0,5.5,6,60.63636363636363,6.909090909090909,67.54545454545455,11.727272727272727,3.73,3.5
5.2,5,28,8,1,5.7,6,60.36363636363637,20.454545454545453,80.81818181818181,11.545454545454545,7.37,4.75
5,14,9,5.6,0,5,14,100.36363636363636,4.545454545454546,104.9090909090909,20.09090909090909,6.99,4.575
4.9,9,20,9,1,5.3,10,70.07692307692308,13.846153846153847,83.92307692307692,14.384615384615385,2.48,3.88
4.8,5,18,10.9,0,5.3,5,86.54545454545455,17.90909090909091,104.45454545454545,18.181818181818183,5.01,4.3
4.8,5,14,10.6,0,5.2,5,79.9090909090909,13.454545454545455,93.36363636363636,16.636363636363637,4.8,4.54
4.8,8,5,4.2,0,4.8,8,41.90909090909091,1.9090909090909092,43.81818181818182,8.727272727272727,4.98,5.1
4.8,1,5,7,0,4.9,1,51.375,4.375,55.75,10.75,0.24,3.76
4.7,9,8,5.5,0,4.8,9,90.61538461538461,3.3846153846153846,94,19.153846153846153,-4.22,3.75
4.7,9,56,6.8,1,5.1,10,90.63636363636364,34.63636363636363,125.27272727272727,19.454545454545453,-3.58,4.45
4.6,5,15,9.1,0,5,5,55.5,11.333333333333334,66.83333333333333,12.166666666666666,3.74,3.6666666666666665
4.5,0,9,4.6,0,4.5,0,48.22222222222222,4.555555555555555,52.77777777777778,10.666666666666666,0.24,3.2
4.4,3,25,10.7,1,5.7,4,39.09090909090909,24.272727272727273,63.36363636363637,8.818181818181818,5.05,4.3
4,10,15,4.1,1,4,11,52.18181818181818,5.636363636363637,57.81818181818182,13.090909090909092,3.19,3.8
3.9,6,35,10.2,2,4.9,8,62.18181818181818,32.36363636363637,94.54545454545455,16,-2.86,4.4625
3.9,4,23,7.1,1,4.3,5,59.54545454545455,14.818181818181818,74.36363636363636,15.363636363636363,-5.27,4.13
3.8,5,1,5,0,3.9,5,34,0.4166666666666667,34.416666666666664,8.833333333333334,-3.85,3.3
8.2,5,12,13.7,1,8.9,6,53.333333333333336,13.666666666666666,67,6.5,1.13,3.9499999999999997
7.6,6,15,7.1,3,7.5,9,83.42857142857143,7.642857142857143,91.07142857142857,11,5.05,4.133333333333333
7.3,10,19,11.1,2,7.8,12,72.15384615384616,16.153846153846153,88.3076923076923,9.923076923076923,0.65,4.9
7,16,27,13.3,2,7.7,18,134.15384615384616,27.692307692307693,161.84615384615384,19.076923076923077,2.1,4.05
6.1,19,17,7.6,2,6.2,21,126.91666666666667,10.75,137.66666666666666,20.75,-2.57,4.45
6.1,11,34,9.6,4,6.6,15,104.3076923076923,25.23076923076923,129.53846153846155,17.153846153846153,4.74,4.23
5.8,14,11,13.5,1,6.1,15,117.64285714285714,10.642857142857142,128.28571428571428,20.285714285714285,5.05,4.125
5.8,5,12,6.6,1,5.8,6,62.916666666666664,6.583333333333333,69.5,10.916666666666666,1.13,4.75
5.6,7,13,5.1,2,5.5,9,74.66666666666667,5.5,80.16666666666667,13.416666666666666,3.48,4.6
5.5,7,18,11.4,3,6,10,94.53846153846153,15.76923076923077,110.3076923076923,17.153846153846153,4.43,4.5
5.4,20,4,7.5,0,5.4,20,138,2.3076923076923075,140.30769230769232,25.76923076923077,1.11,4.3
5.4,12,10,13.6,1,5.8,13,144.57142857142858,19.428571428571427,164,26.857142857142858,2.83,4.575
5.4,10,20,7.2,1,5.5,11,75.46153846153847,11.076923076923077,86.53846153846153,14.076923076923077,5.55,4.2875
5.3,8,33,9.5,2,5.9,10,70.64285714285714,22.357142857142858,93,13.428571428571429,1.99,3.7
5.3,8,28,12.9,2,6.4,10,95.44444444444444,40,135.44444444444446,18.11111111111111,0.09,4.13
5.3,7,18,10.2,1,5.8,8,69.25,15.25,84.5,13,0.57,5.45
5.3,4,9,5.8,0,5.3,4,54.833333333333336,4.333333333333333,59.166666666666664,10.333333333333334,0.64,3.5
5.3,4,12,9.7,1,5.7,5,48.15384615384615,8.923076923076923,57.07692307692308,9.153846153846153,4.74,4.666666666666667
5.1,15,2,6.5,0,5.1,15,72.53846153846153,1,73.53846153846153,14.153846153846153,-2.89,3.3
5,9,19,12.2,1,5.7,10,81.18181818181819,21,102.18181818181819,16.181818181818183,1.23,3.2
4.7,6,11,8.5,0,5.1,6,39.5,7.833333333333333,47.333333333333336,8.333333333333334,4.75,3.6666666666666665
4.7,6,35,7.7,3,5.5,9,33.84615384615385,20.692307692307693,54.53846153846154,7.230769230769231,4.78,2.3
4.5,7,23,6.9,0,4.8,7,103.77777777777777,17.555555555555557,121.33333333333333,22.88888888888889,-1.24,3.75
4.3,7,8,5.4,0,4.3,7,83.33333333333333,3.5833333333333335,86.91666666666667,19.5,4.59,3.85
4.3,7,23,5.7,1,4.5,8,49.25,11,60.25,11.416666666666666,0.57,5.1
3.5,0,15,8.3,0,4.1,0,31.25,10.333333333333334,41.583333333333336,8.833333333333334,7.93,4.050000000000001
3.5,5,11,8,0,4,5,29.272727272727273,8,37.27272727272727,8.272727272727273,6.92,4.54
8.7,11,16,11,0,9,11,89.38461538461539,13.538461538461538,102.92307692307692,10.23076923076923,3.37,4.133333333333333
6.4,17,34,9.4,2,6.8,19,129.30769230769232,24.46153846153846,153.76923076923077,20.153846153846153,1.76,3.9499999999999997
6.3,18,17,11.7,0,6.6,18,124.53846153846153,15.307692307692308,139.84615384615384,19.846153846153847,1.91,5.45
6.2,11,22,6.6,2,6.2,13,132.46153846153845,11.153846153846153,143.6153846153846,21.53846153846154,6.97,4.2875
6,17,37,14.3,6,7.1,23,109.46153846153847,40.61538461538461,150.07692307692307,18.153846153846153,-1.38,4.4625
6,14,0,0,0,6,14,78.72727272727273,0,78.72727272727273,13.181818181818182,-2.79,4.4714285714285715
5.9,23,32,8.8,0,6.1,23,177.25,23.5,200.75,30.083333333333332,-5.82,4.13
5.7,29,24,10.1,1,5.9,30,183.35714285714286,17.285714285714285,200.64285714285714,32.142857142857146,-3.3,3.75
5.6,16,21,7.8,1,5.8,17,140.76923076923077,12.615384615384615,153.3846153846154,25,3.37,4.125
5.4,14,20,12.7,0,5.9,14,102.61538461538461,19.46153846153846,122.07692307692308,19.076923076923077,5.66,4.05
5.3,24,25,9.6,1,5.6,25,154.76923076923077,18.384615384615383,173.15384615384616,29.23076923076923,0.44,4.3
5.3,3,34,8,2,5.8,5,59.07692307692308,20.846153846153847,79.92307692307692,11.153846153846153,1.71,4.9
5.3,9,2,8.5,0,5.4,9,33.53846153846154,1.3076923076923077,34.84615384615385,6.3076923076923075,1.24,4
5.1,15,22,9.2,0,5.3,15,118.92307692307692,15.538461538461538,134.46153846153845,23.46153846153846,6.23,4.666666666666667
5,17,26,13.5,1,5.9,18,80.84615384615384,26.923076923076923,107.76923076923077,16.23076923076923,3.4,4.05
5,5,7,14.3,2,5.6,7,92.16666666666667,16.666666666666668,108.83333333333333,18.333333333333332,5.51,4.5
4.9,12,39,8.7,2,5.4,14,85.21428571428571,24.285714285714285,109.5,17.5,6.11,4.54
4.9,6,2,12.5,0,5,6,94.75,2.0833333333333335,96.83333333333333,19.166666666666668,6.11,3.85
4.9,12,14,7.6,1,5.1,13,78.78571428571429,7.571428571428571,86.35714285714286,16.071428571428573,5.77,2.3
4.8,14,33,7.4,1,5.1,15,110.66666666666667,20.333333333333332,131,23,2.81,4.51
4.8,8,14,6.1,0,4.9,8,68.41666666666667,7.083333333333333,75.5,14.166666666666666,0.45,4.6
4.7,5,25,7.8,0,5.3,5,55.875,24.25,80.125,11.875,2.96,3.5
4.6,6,23,11,4,5.2,10,77.33333333333333,21,98.33333333333333,16.833333333333332,0.82,3.3
4.5,8,16,9,0,4.8,8,69.46153846153847,11.076923076923077,80.53846153846153,15.538461538461538,5.79,4.85
4.5,5,23,9.7,1,5.4,6,43.166666666666664,18.666666666666668,61.833333333333336,9.5,5.9,3.6666666666666665
4.4,11,34,3.6,1,4.3,12,79.41666666666667,10.25,89.66666666666667,18.25,1.22,4.3
4.1,1,13,5.6,0,4.3,1,29.09090909090909,6.636363636363637,35.72727272727273,7.090909090909091,2.81,3.2
3.9,9,10,8.3,1,4.1,10,47,6.384615384615385,53.38461538461539,12.153846153846153,2.87,4.35
8.1,15,27,9.1,1,8.3,16,131.66666666666666,20.5,152.16666666666666,16.166666666666668,2.89,3.9
7,12,8,26.1,1,7.7,13,107.3076923076923,16.076923076923077,123.38461538461539,15.384615384615385,1.7,4
6,20,8,6.1,0,6,20,142.30769230769232,3.769230769230769,146.07692307692307,23.615384615384617,0.57,4.1
6,6,44,14.2,1,8.4,7,50.38461538461539,48.07692307692308,98.46153846153847,8.384615384615385,3.18,5.8
5.7,18,21,6,0,5.7,18,160.23076923076923,9.615384615384615,169.84615384615384,28.23076923076923,0.75,4.6
5.6,16,33,11.9,2,6.3,18,107.6923076923077,30.153846153846153,137.84615384615384,19.23076923076923,4.52,4.05
5.6,20,15,7.3,1,5.7,21,87.14285714285714,7.785714285714286,94.92857142857143,15.5,6.72,4.35
5.5,5,10,10.7,1,6,6,41.69230769230769,8.23076923076923,49.92307692307692,7.538461538461538,3.18,5.1
5.4,15,13,8.8,0,5.6,15,94.66666666666667,9.5,104.16666666666667,17.5,3.79,4.050000000000001
5.4,7,34,12.8,3,7.1,10,52.416666666666664,36.333333333333336,88.75,9.666666666666666,2.51,4.9
5.4,6,8,18.3,2,6.2,8,75.75,18.25,94,14.125,-4.06,4.4714285714285715
5.1,12,7,7.7,0,5.2,12,52,3.857142857142857,55.857142857142854,10.214285714285714,2.93,4.542857142857143
5,4,27,8.2,1,5.5,5,55,17,72,10.923076923076923,2.89,4.1
4.8,21,32,9.5,0,5.3,21,114.46153846153847,23.46153846153846,137.92307692307693,23.692307692307693,3.17,4.51
4.8,11,29,8.5,1,5.2,12,113.9090909090909,22.454545454545453,136.36363636363637,23.545454545454547,4.8,3.9
4.8,12,13,8.5,1,5.1,13,54.38461538461539,8.538461538461538,62.92307692307692,11.23076923076923,-2.06,3.4
4.7,2,12,4.8,0,4.7,2,32.18181818181818,5.2727272727272725,37.45454545454545,6.818181818181818,-0.33,4.4
4.4,7,29,10.7,2,5.3,9,59,23.76923076923077,82.76923076923077,13.461538461538462,3.57,3.5
4.4,1,19,8.7,0,4.9,1,51.81818181818182,15.090909090909092,66.9090909090909,11.909090909090908,2.89,4.54
4.2,3,15,6,0,4.3,3,55.333333333333336,7.5,62.833333333333336,13.25,2.1,4.85
4,8,13,11.5,2,4.5,10,61.666666666666664,12.5,74.16666666666667,15.25,-1.08,3.3
3.5,3,24,8.9,1,4.2,4,47.75,17.75,65.5,13.583333333333334,4.28,3.6666666666666665
3.3,4,16,7.5,0,3.8,4,36.54545454545455,10.909090909090908,47.45454545454545,11.090909090909092,4.68,4.3
2,3,0,0,0,2,3,13.285714285714286,0,13.285714285714286,6.571428571428571,-6.58,4.033333333333333
6.8,5,14,12.6,2,7.5,7,66.72727272727273,16.09090909090909,82.81818181818181,9.818181818181818,2.24,3.7
6.6,19,11,11.1,0,6.7,19,150.66666666666666,10.166666666666666,160.83333333333334,23,-3.27,4.4714285714285715
6.5,8,44,11.8,3,7.5,11,89.92307692307692,40,129.92307692307693,13.923076923076923,2.5,5.8
6.5,6,13,6.4,1,6.5,7,78.25,6.916666666666667,85.16666666666667,12,-4.88,4.3
6.1,17,32,10.4,3,6.6,20,118.42857142857143,23.857142857142858,142.28571428571428,19.357142857142858,6.62,4.542857142857143
6.1,12,22,9.7,4,6.6,16,96.33333333333333,23.666666666666668,120,15.666666666666666,2.13,3.9
5.9,14,5,7.4,0,6,14,99.64285714285714,2.642857142857143,102.28571428571429,16.785714285714285,4.83,4
5.9,15,8,8.5,0,6.1,15,54.642857142857146,4.857142857142857,59.5,9.214285714285714,-4.28,3.8285714285714287
5.8,16,8,4.9,0,5.7,16,113.41666666666667,3.25,116.66666666666667,19.666666666666668,-8.29,2.9
5.6,12,36,14,4,6.8,16,86.57142857142857,35.92857142857143,122.5,15.428571428571429,4.01,4.9
5.5,28,11,14.3,0,5.7,28,143.92307692307693,12.076923076923077,156,26.384615384615383,3.42,4.050000000000001
5.5,17,25,7.6,1,5.7,18,138.3846153846154,14.538461538461538,152.92307692307693,25,1.98,4.28
5.3,21,78,6.7,1,5.6,22,110.76923076923077,40.15384615384615,150.92307692307693,21,3.17,3.9
5.3,11,7,16.3,2,5.6,13,116,9.5,125.5,21.916666666666668,-5.15,4.3999999999999995
5.2,10,20,5.3,0,5.2,10,104.76923076923077,8.076923076923077,112.84615384615384,20.23076923076923,4.8,4.85
5.2,12,25,9.8,2,5.8,14,73.23076923076923,18.76923076923077,92,14.076923076923077,2.13,4.1
5.2,8,16,7.9,0,5.4,8,53.642857142857146,9,62.642857142857146,10.357142857142858,6.62,3.45
5.1,11,25,10.3,0,5.6,11,105.41666666666667,21.416666666666668,126.83333333333333,20.583333333333332,-0.08,3.5
4.8,4,20,10.5,1,5.5,5,47.23076923076923,16.076923076923077,63.30769230769231,9.923076923076923,2.5,5.1
4.8,4,28,11,0,6,4,45.083333333333336,25.583333333333332,70.66666666666667,9.416666666666666,2.94,4.3
4.5,3,7,10.3,0,4.8,3,47.8,7.2,55,10.7,4.14,3.9
4.1,7,19,6.9,1,4.4,8,57.61538461538461,10.076923076923077,67.6923076923077,14,4.82,4.35
3.6,4,12,8.6,0,4.1,4,35.63636363636363,9.363636363636363,45,9.818181818181818,2.83,4.4
6.7,14,11,8,0,6.8,14,87.66666666666667,7.333333333333333,95,13,0.64,4.3
6.6,14,0,0,0,6.6,14,130.92307692307693,0,130.92307692307693,19.692307692307693,3.1,4.3
6.3,12,28,12.1,2,7,14,96.92307692307692,26,122.92307692307692,15.461538461538462,-0.7,3.8285714285714287
6.3,6,23,11.6,4,7.2,10,63.63636363636363,24.181818181818183,87.81818181818181,10.181818181818182,4.69,3.45
6.1,10,17,9.6,0,6.3,10,106.71428571428571,11.642857142857142,118.35714285714286,17.428571428571427,-2.11,3.15
6.1,11,18,8.8,3,6.3,14,117.08333333333333,13.166666666666666,130.25,19.083333333333332,-1.45,4.4
6,17,17,11.5,3,6.4,20,130.53846153846155,15.076923076923077,145.6153846153846,21.615384615384617,1.47,3.7
6,14,32,10.8,3,6.8,17,81.33333333333333,28.666666666666668,110,13.583333333333334,2.09,5.1
6,6,11,8.7,0,6.2,6,58.72727272727273,8.727272727272727,67.45454545454545,9.818181818181818,4.72,4.316666666666666
5.8,17,9,7.6,1,5.9,18,117.84615384615384,5.230769230769231,123.07692307692308,20.153846153846153,-3.09,4.2
5.8,10,12,9.1,1,6.1,11,76.22222222222223,12.11111111111111,88.33333333333333,13.11111111111111,3.74,3.3
5.7,11,5,9.4,1,5.9,12,45.5,3.357142857142857,48.857142857142854,7.928571428571429,-6,4.1571428571428575
5.7,8,11,8.8,0,5.9,8,46.53846153846154,7.461538461538462,54,8.23076923076923,1.29,4.2
5.5,7,15,9.9,0,5.9,7,67.92857142857143,10.571428571428571,78.5,12.285714285714286,2.42,3.5
5.5,13,21,13.4,1,6.5,14,79.54545454545455,25.636363636363637,105.18181818181819,14.363636363636363,4.69,4.542857142857143
5.5,2,37,11.5,1,7.4,3,34.76923076923077,32.84615384615385,67.61538461538461,6.3076923076923075,2.39,4.1
5.3,19,27,6.3,0,5.4,19,121.92307692307692,13.153846153846153,135.07692307692307,22.923076923076923,1.26,3.5
5.2,19,10,10.6,1,5.5,20,80.66666666666667,8.833333333333334,89.5,15.5,2.96,3.9
5.1,13,22,9.5,3,5.4,16,97.25,17.416666666666668,114.66666666666667,19.25,6.27,4.1
5,11,17,9.1,0,5.4,11,84.0909090909091,14.090909090909092,98.18181818181819,16.727272727272727,-4.01,4.4
4.9,15,29,7.9,0,5.1,15,137.41666666666666,19.166666666666668,156.58333333333334,28.333333333333332,-6.04,4.3
4.9,2,4,3.8,0,4.8,2,38.416666666666664,1.25,39.666666666666664,7.916666666666667,3,3.3
4.8,13,27,8,0,5.2,13,88.41666666666667,18,106.41666666666667,18.25,1.25,4.28
4.7,10,8,10.9,1,5,11,72.8,8.7,81.5,15.4,-8.14,2.9
4.6,14,44,6.5,3,4.9,17,98.66666666666667,23.916666666666668,122.58333333333333,21.333333333333332,9.68,3.9
4.6,15,11,5.5,0,4.6,15,88.23076923076923,4.6923076923076925,92.92307692307692,19.153846153846153,4.67,4.1
4.5,8,32,6.1,1,4.8,9,53.46153846153846,15,68.46153846153847,11.923076923076923,0.53,3.4
4.1,7,8,5.9,1,4.1,8,77.33333333333333,3.9166666666666665,81.25,18.916666666666668,-6.65,4.3999999999999995
3.5,3,7,8.7,0,3.8,3,26.333333333333332,5.083333333333333,31.416666666666668,7.583333333333333,4.26,4.3
2.9,0,5,18.4,0,3.6,0,29.8,9.2,39,10.2,-7.53,3.6
7.1,7,11,11.9,0,7.6,7,56.166666666666664,10.916666666666666,67.08333333333333,7.916666666666667,4.21,4.475
7.1,3,7,23.3,2,8.4,5,47.666666666666664,13.583333333333334,61.25,6.75,-1.8,3.8
6.2,10,20,9.4,1,6.5,11,91.46153846153847,14.384615384615385,105.84615384615384,14.846153846153847,2.52,3.9
5.9,21,29,11.7,3,6.5,24,129.15384615384616,26,155.15384615384616,21.76923076923077,4.21,3.45
5.9,17,15,9.3,0,6.1,17,122.4,13.9,136.3,20.8,-1.83,3.15
5.9,14,20,5.3,0,5.9,14,91.76923076923077,8.153846153846153,99.92307692307692,15.461538461538462,3.39,3.9
5.8,24,43,6.2,2,5.9,26,93.53846153846153,20.46153846153846,114,16,7.67,4.1
5.6,9,17,5,1,5.6,10,106,7.083333333333333,113.08333333333333,18.916666666666668,0.67,4.316666666666666
5.6,8,17,14.2,1,6.9,9,45.75,20.166666666666668,65.91666666666667,8.166666666666666,-4.8,4.1571428571428575
5.5,19,24,11.3,1,5.9,20,131.6153846153846,20.76923076923077,152.3846153846154,23.923076923076923,-4.1,4.2
5.4,27,3,17.3,0,5.6,27,123.41666666666667,4.333333333333333,127.75,22.75,-5.68,2.9
5.3,11,22,5,0,5.3,11,90.61538461538461,8.384615384615385,99,17.153846153846153,1.18,3.3
5.3,16,0,0,0,5.3,16,90.46153846153847,0,90.46153846153847,17,2.96,4.3
5.3,6,10,7.3,0,5.5,6,43.53846153846154,5.615384615384615,49.15384615384615,8.153846153846153,2.97,4.25
5.2,13,45,8,1,5.7,14,96.38461538461539,27.846153846153847,124.23076923076923,18.384615384615383,1.17,4.033333333333333
5.2,13,35,7.6,0,5.6,13,67.71428571428571,19.071428571428573,86.78571428571429,13,1.48,4.2
5.1,6,15,10,0,5.5,6,54.84615384615385,11.538461538461538,66.38461538461539,10.846153846153847,0.68,4.3
5,9,15,9.3,1,5.3,10,98.83333333333333,11.583333333333334,110.41666666666667,19.666666666666668,-4.96,4.3999999999999995
4.9,16,28,9.1,2,5.3,18,99.92307692307692,19.615384615384617,119.53846153846153,20.23076923076923,-1.79,3.8285714285714287
4.8,15,21,8.4,2,5,17,104.38461538461539,13.615384615384615,118,21.846153846153847,3.07,3.5
4.8,8,15,7.4,0,5.1,8,48.25,9.25,57.5,10,0.38,4.22
4.8,4,14,10.5,1,5.5,5,46.2,14.7,60.9,9.6,5.79,5.1
4.7,8,21,7.9,1,5,9,57.15384615384615,12.692307692307692,69.84615384615384,12.23076923076923,7.35,4.3
4.6,13,36,10,4,5.1,17,141.25,30.083333333333332,171.33333333333334,30.75,-6.43,4.3
4.6,13,38,9.6,0,5.1,13,116.25,30.416666666666668,146.66666666666666,25.5,-3.31,3.6
4.6,5,8,7.4,1,4.7,6,70.83333333333333,4.916666666666667,75.75,15.416666666666666,4.02,4.375
4.4,13,37,8.2,0,5,13,71.07692307692308,23.46153846153846,94.53846153846153,16.153846153846153,-6.18,4.4
4.3,5,3,5.7,0,4.3,5,74.2,1.7,75.9,17.2,7.16,3.8
4.2,4,2,5.5,0,4.2,4,51.7,1.1,52.8,12.4,0.89,3.3
4,8,11,6.6,1,4.1,9,54.38461538461539,5.615384615384615,60,13.615384615384615,6.27,4.3
7.2,7,3,10.3,0,7.2,7,115.0909090909091,2.8181818181818183,117.9090909090909,16.09090909090909,3.85,4.3
6.9,5,11,8.4,2,7,7,84.375,11.5,95.875,12.25,4.22,3.5
6.8,10,27,8.2,1,7,11,78.91666666666667,18.416666666666668,97.33333333333333,11.583333333333334,2.32,4.05
6.7,12,47,10.4,5,7.4,17,122.8,49,171.8,18.4,-2.98,4.033333333333333
6.7,4,1,14,0,6.8,4,49.81818181818182,1.2727272727272727,51.09090909090909,7.454545454545454,-5.08,4.9
6.5,17,22,8.6,2,6.7,19,94.42857142857143,13.5,107.92857142857143,14.571428571428571,5.51,4.475
6.4,12,8,16.5,1,7.1,13,57.57142857142857,9.428571428571429,67,8.928571428571429,2.91,4.3
6.3,12,11,11.9,1,6.7,13,79.14285714285714,9.357142857142858,88.5,12.5,5.51,3.9
6.3,4,15,10.9,1,6.8,5,65.83333333333333,13.666666666666666,79.5,10.5,6.1,4.375
6.2,17,16,7.3,0,6.3,17,98.92857142857143,8.357142857142858,107.28571428571429,15.857142857142858,4.21,4.15
5.9,8,7,12.3,0,6.1,8,83.5,7.166666666666667,90.66666666666667,14.25,6.91,4.3
5.9,8,10,8.6,0,6.2,8,47.142857142857146,6.142857142857143,53.285714285714285,7.928571428571429,-0.66,4.22
5.7,11,37,11.7,3,6.3,14,132.92307692307693,33.23076923076923,166.15384615384616,23.384615384615383,-3.73,3.6
5.6,15,27,8.6,4,5.9,19,100.54545454545455,21,121.54545454545455,18,-3.78,4.1571428571428575
5.5,10,10,20.5,0,6.2,10,87.76923076923077,15.76923076923077,103.53846153846153,15.923076923076923,2.26,3.9
5.5,5,7,3.6,0,5.5,5,117.28571428571429,3.5714285714285716,120.85714285714286,21.142857142857142,-3.36,3.6
5.4,11,34,9.4,1,6,12,72.76923076923077,24.615384615384617,97.38461538461539,13.538461538461538,6.17,4.3
5.3,12,8,9.1,0,5.5,12,62.916666666666664,6.083333333333333,69,11.833333333333334,5.45,3.9
5.2,14,28,8,0,5.4,14,109,17.23076923076923,126.23076923076923,21.076923076923077,4.96,4.1
5.2,16,8,6.4,1,5.3,17,97,5.1,102.1,18.5,0.89,4.25
5.1,8,14,16.6,1,5.8,9,83.15384615384616,17.846153846153847,101,16.307692307692307,1.14,3.3
5.1,2,20,6.9,0,5.4,2,45.90909090909091,12.454545454545455,58.36363636363637,9,5.48,4.3
5,16,33,7.5,0,5.2,16,110.6923076923077,19.153846153846153,129.84615384615384,22.23076923076923,4.75,3.7
5,8,24,7.4,2,5.3,10,81.21428571428571,12.714285714285714,93.92857142857143,16.142857142857142,4.22,3.75
4.8,5,36,10.3,2,5.7,7,70.53846153846153,28.46153846153846,99,14.615384615384615,6.14,3.466666666666667
4.7,12,32,5.2,1,4.7,13,137.92307692307693,12.846153846153847,150.76923076923077,29.384615384615383,3.75,4.2
4.7,12,27,11.7,1,5.6,13,59.61538461538461,24.23076923076923,83.84615384615384,12.76923076923077,-0.61,3.7666666666666666
4.6,13,33,6.9,0,4.9,13,98.3076923076923,17.615384615384617,115.92307692307692,21.307692307692307,-1.59,3.15
4.5,4,4,8.5,0,4.6,4,64.88888888888889,3.7777777777777777,68.66666666666667,14.444444444444445,2.01,3.3
3.9,1,18,12.8,1,5.3,2,30.583333333333332,19.166666666666668,49.75,7.833333333333333,5.45,4.3
3,3,15,5.2,0,3.3,3,26.77777777777778,8.666666666666666,35.44444444444444,9,-1.81,4.4
7.8,12,1,10,0,7.8,12,123.76923076923077,0.7692307692307693,124.53846153846153,15.846153846153847,2.28,4.185714285714286
7.5,8,12,11.3,1,8,9,63.09090909090909,12.272727272727273,75.36363636363636,8.363636363636363,3.76,4.325
7.3,15,16,9.2,3,7.4,18,138.27272727272728,13.363636363636363,151.63636363636363,18.90909090909091,1.43,4.25
7.3,12,19,10.2,0,7.7,12,106.44444444444444,21.444444444444443,127.88888888888889,14.555555555555555,4.74,4.25
6.9,16,18,10.1,0,7.2,16,116.75,15.083333333333334,131.83333333333334,16.916666666666668,4.28,3.9
6.5,16,41,11.7,0,7.2,16,144.16666666666666,39.833333333333336,184,22.25,-5.94,3.6
6.5,13,39,7.7,2,6.7,15,111.07692307692308,23.076923076923077,134.15384615384616,17,2.28,4.3
6.3,6,4,19.3,0,6.7,6,115,9.625,124.625,18.125,2.51,4.05
6.3,6,12,5.7,0,6.3,6,78.72727272727273,6.181818181818182,84.9090909090909,12.454545454545455,-3.36,4.65
6.1,18,0,0,0,6.1,18,167.46153846153845,0,167.46153846153845,27.307692307692307,2.2,3.3
6.1,2,4,20.8,1,6.5,3,80.0909090909091,7.545454545454546,87.63636363636364,13.181818181818182,-3.74,4.35
6,9,26,8.9,2,6.3,11,130,17.846153846153847,147.84615384615384,21.615384615384617,0.45,3.75
6,14,20,9.2,0,6.2,14,102.91666666666667,15.25,118.16666666666667,17.25,3.76,3.9
6,10,37,11.9,6,7.1,16,98.9,44.1,143,16.5,7.59,4.15
5.9,14,22,12.6,1,6.6,15,72.57142857142857,19.857142857142858,92.42857142857143,12.357142857142858,1.29,4.22
5.8,11,34,10.4,0,6.5,11,98.58333333333333,29.333333333333332,127.91666666666667,16.916666666666668,6.29,3.6666666666666665
5.8,14,22,11.5,1,6.6,15,60.38461538461539,19.384615384615383,79.76923076923077,10.384615384615385,6.22,3.8
5.7,20,28,10.9,1,6.1,21,143.84615384615384,23.384615384615383,167.23076923076923,25.153846153846153,6.58,3.7
5.7,23,12,13.6,1,6,24,129.71428571428572,11.642857142857142,141.35714285714286,22.642857142857142,7.88,4.3
5.7,18,22,10.1,1,6.1,19,109.61538461538461,17.076923076923077,126.6923076923077,19.153846153846153,-2.89,4.9
5.7,7,18,6.9,0,5.8,7,102.75,10.416666666666666,113.16666666666667,18.083333333333332,3.77,3.7666666666666666
5.5,8,3,11,0,5.6,8,66.58333333333333,2.75,69.33333333333333,12.166666666666666,3.49,4.125
5.4,4,11,5.7,0,5.4,4,85.5,5.25,90.75,15.833333333333334,5.18,4
5.2,4,4,3.5,0,5.2,4,90.11111111111111,1.5555555555555556,91.66666666666667,17.22222222222222,-6.5,5.075
5,15,25,6.9,1,5.1,16,127.91666666666667,14.416666666666666,142.33333333333334,25.833333333333332,-7.33,3.6
4.9,7,9,10,0,5.2,7,61.44444444444444,10,71.44444444444444,12.666666666666666,4.12,4.3
4.6,12,8,7.1,0,4.7,12,66.38461538461539,4.384615384615385,70.76923076923077,14.461538461538462,-5.22,4.4
4.3,2,5,5,0,4.3,2,67.8,5,72.8,15.8,7.17,4.6
4.2,9,17,11.5,2,4.8,11,69.53846153846153,15,84.53846153846153,16.46153846153846,5.45,3.8
8.7,17,8,12.1,1,8.8,18,123.75,8.083333333333334,131.83333333333334,14.25,-8.19,5.199999999999999
8,16,9,4.3,0,7.8,16,163.1,3.9,167,20.5,-6.48,4.65
7.5,29,19,8.1,3,7.6,32,184.78571428571428,10.928571428571429,195.71428571428572,24.5,1.91,4.185714285714286
7.5,15,25,5.6,0,7.4,15,169.66666666666666,11.75,181.41666666666666,22.5,1.43,4.25
7.4,9,12,4.8,0,7.2,9,151.83333333333334,9.5,161.33333333333334,20.5,5.07,4.15
7.1,14,18,11.8,2,7.4,16,119,16.384615384615383,135.3846153846154,16.846153846153847,5.07,5.325
6.9,18,28,7.9,0,7,18,125.2,14.666666666666666,139.86666666666667,18.2,5.17,4.433333333333334
6.8,10,38,11.1,3,7.4,13,127.07692307692308,32.38461538461539,159.46153846153845,18.615384615384617,4.65,4.05
6.5,21,15,7.2,0,6.6,21,131.76923076923077,8.307692307692308,140.07692307692307,20.23076923076923,3.9,3.4
6.1,19,22,12.2,3,6.6,22,123.92307692307692,20.692307692307693,144.6153846153846,20.307692307692307,1.72,3.75
5.9,26,5,14,0,6.1,26,135.76923076923077,5.384615384615385,141.15384615384616,22.923076923076923,0.97,4.125
5.9,8,22,9.2,0,6.3,8,77.53846153846153,15.615384615384615,93.15384615384616,13.076923076923077,5.13,4.72
5.8,11,5,26.6,2,6.3,13,70.71428571428571,9.5,80.21428571428571,12.285714285714286,7.27,4.466666666666667
5.7,3,18,6.4,0,5.8,3,48.09090909090909,10.545454545454545,58.63636363636363,8.454545454545455,2.01,7.5
5.5,11,30,9.8,3,5.9,14,110.08333333333333,24.416666666666668,134.5,20.166666666666668,-3.64,5.075
5.5,10,7,18.1,0,6,10,79.53846153846153,9.76923076923077,89.3076923076923,14.384615384615385,5.98,4
5.4,11,41,11.2,1,6.1,12,114.53846153846153,35.23076923076923,149.76923076923077,21.23076923076923,5.93,3.8
5.4,18,16,9.9,1,5.7,19,91,10.533333333333333,101.53333333333333,16.8,6.02,4
5.4,12,3,3,0,5.4,12,84.61538461538461,0.6923076923076923,85.3076923076923,15.692307692307692,7.76,4
5.3,28,50,10.7,4,5.9,32,130.21428571428572,38.214285714285715,168.42857142857142,24.785714285714285,-0.07,4.9
5.3,10,10,9.3,0,5.4,10,122.55555555555556,10.333333333333334,132.88888888888889,23.333333333333332,-7.61,4.4
5.2,13,9,8,1,5.3,14,132.25,6,138.25,25.5,-2.05,4.35
5.2,10,43,7.1,2,5.4,12,116.3076923076923,23.53846153846154,139.84615384615384,22.46153846153846,5.14,3.5
5.2,9,21,7.6,0,5.4,9,86.75,13.333333333333334,100.08333333333333,16.833333333333332,-2.73,4.550000000000001
5,11,15,12,1,5.5,12,75.3076923076923,13.846153846153847,89.15384615384616,14.923076923076923,7.27,3.9
4.9,9,32,11.5,2,5.8,11,75.53846153846153,28.307692307692307,103.84615384615384,15.307692307692308,4.93,3.6666666666666665
4.9,6,11,5.9,1,5,7,74.27272727272727,5.909090909090909,80.18181818181819,15.090909090909092,4.29,4.6
4.9,2,31,10.5,0,5.9,2,55.53846153846154,25.076923076923077,80.61538461538461,11.384615384615385,4.45,4.2
4.9,0,14,8.4,0,5.5,0,32.583333333333336,9.833333333333334,42.416666666666664,6.583333333333333,6.45,4.733333333333333
4.8,10,22,9.1,1,5.2,11,98.91666666666667,16.75,115.66666666666667,20.416666666666668,1.63,5.4
4.8,4,24,4.5,1,4.7,5,59.15384615384615,8.307692307692308,67.46153846153847,12.384615384615385,2.86,4.6
4.8,4,8,5.9,0,4.8,4,64.75,5.875,70.625,13.625,-1.32,3.7666666666666666
4.7,3,30,8.1,1,5.5,4,37.666666666666664,20.333333333333332,58,8.083333333333334,-0.8,6.3
4.3,3,24,6.3,0,4.7,3,33.583333333333336,12.583333333333334,46.166666666666664,7.833333333333333,6.45,2.6
4.2,12,12,8.9,1,4.6,13,53.54545454545455,9.727272727272727,63.27272727272727,12.636363636363637,-7.21,4.1
3.9,6,16,3.6,0,3.8,6,54.46153846153846,4.461538461538462,58.92307692307692,14.076923076923077,5.29,3.8
8.1,7,4,8,1,8.1,8,124.5,5.333333333333333,129.83333333333334,15.333333333333334,1.83,5.325
7.9,17,3,2,0,7.8,17,123.76923076923077,0.46153846153846156,124.23076923076923,15.615384615384615,-5.42,5.199999999999999
7.4,19,24,10.2,1,7.6,20,140.91666666666666,20.333333333333332,161.25,19.083333333333332,1.97,4.72
7.2,6,7,6,1,7.2,7,69.83333333333333,3.5,73.33333333333333,9.666666666666666,6.1,4.3
7.1,5,5,12.8,0,7.4,5,67.2,6.4,73.6,9.4,4.84,4.3
6.7,7,28,12.7,4,7.9,11,57.92307692307692,27.384615384615383,85.3076923076923,8.692307692307692,4.38,3.8249999999999997
6.6,8,16,6.9,1,6.6,9,115.08333333333333,9.25,124.33333333333333,17.5,-0.74,4.550000000000001
6.5,22,19,13.3,1,6.9,23,162.75,21.083333333333332,183.83333333333334,25,6.79,4
6.5,17,26,13.4,2,7.1,19,141.23076923076923,26.76923076923077,168,21.76923076923077,4.74,4
6.5,7,34,8.6,3,7,10,53.69230769230769,22.384615384615383,76.07692307692308,8.23076923076923,3.1,4.82
6.4,9,26,6.2,0,6.4,9,116.84615384615384,12.307692307692308,129.15384615384616,18.307692307692307,2.21,4.2
6.3,23,27,7.6,0,6.4,23,140.07692307692307,15.846153846153847,155.92307692307693,22.23076923076923,3.81,4.433333333333334
6.2,9,11,9.6,1,6.4,10,134.77777777777777,11.777777777777779,146.55555555555554,21.77777777777778,3.03,4.35
6,8,45,14.3,5,7,13,144.21428571428572,46.07142857142857,190.28571428571428,24.071428571428573,5.17,4.5
6,16,15,7.1,1,6,17,103.76923076923077,8.23076923076923,112,17.384615384615383,4.38,3.4
5.9,7,20,8.1,1,6.1,8,97.81818181818181,14.636363636363637,112.45454545454545,16.545454545454547,4.77,4.433333333333334
5.8,20,13,7.3,0,5.9,20,121.3076923076923,7.3076923076923075,128.6153846153846,20.846153846153847,6.02,4
5.7,14,6,3.2,0,5.7,14,100.15384615384616,1.4615384615384615,101.61538461538461,17.46153846153846,4.27,3.8
5.6,28,11,8.3,0,5.7,28,147.93333333333334,6.066666666666666,154,26.333333333333332,7.46,4.466666666666667
5.6,6,23,11.6,1,6.6,7,53.833333333333336,22.25,76.08333333333333,9.583333333333334,-2.42,6.3
5.5,12,11,4.1,0,5.4,12,97.3,4.5,101.8,17.8,-1.51,4.65
5.4,13,22,10.3,1,5.7,14,108.14285714285714,16.142857142857142,124.28571428571429,20.142857142857142,5.21,4.6
5.2,8,26,10.4,3,5.8,11,87.38461538461539,20.76923076923077,108.15384615384616,16.76923076923077,1.83,4.5
5.2,4,12,5,0,5.2,4,65.3,6,71.3,12.5,4.45,1.8
4.7,11,37,8.5,0,5.2,11,126.1,31.6,157.7,26.8,4.32,3.5
4.7,10,27,8.9,2,5.1,12,96.58333333333333,19.916666666666668,116.5,20.5,-4.57,4.1
4.7,6,27,8,1,5.2,7,50.61538461538461,16.615384615384617,67.23076923076923,10.846153846153847,1.33,4.733333333333333
4.6,6,16,7.4,0,4.9,6,65.72727272727273,10.818181818181818,76.54545454545455,14.272727272727273,3.26,5
4.5,5,21,7.7,0,4.7,5,109.07692307692308,12.461538461538462,121.53846153846153,24,4.23,5.4
4.3,13,11,10.2,0,4.5,13,78.23076923076923,8.615384615384615,86.84615384615384,18.307692307692307,5.39,3.566666666666667
4.2,7,36,8.3,1,4.9,8,63,23,86,14.923076923076923,1.39,3.2
3.9,4,17,10,0,4.6,4,43.083333333333336,14.166666666666666,57.25,10.916666666666666,1.57,4.55
3.4,5,1,25,0,3.6,5,56.25,3.125,59.375,16.375,-5.9,4.45
9.1,6,16,12.9,1,9.6,7,77.23076923076923,15.846153846153847,93.07692307692308,8.461538461538462,1.6,3.9
7.7,17,28,8.3,3,7.8,20,147.75,19.416666666666668,167.16666666666666,19.083333333333332,-7.25,5.075
7.5,11,15,14.9,3,8.2,14,72.71428571428571,16,88.71428571428571,9.714285714285714,-5.17,6.3
7.1,2,14,7.1,2,7.1,4,69.13333333333334,6.6,75.73333333333333,9.733333333333333,7.29,4.8
7,4,6,14.5,0,7.5,4,47.23076923076923,6.6923076923076925,53.92307692307692,6.769230769230769,4.79,4.5
6.8,10,37,14.5,5,8.1,15,106.16666666666667,44.833333333333336,151,15.583333333333334,3.6,3.8249999999999997
6.8,15,28,8.1,0,7,15,98.91666666666667,18.916666666666668,117.83333333333333,14.5,-2.7,4.550000000000001
6.8,9,13,9.8,1,7.2,10,62.111111111111114,14.222222222222221,76.33333333333333,9.11111111111111,1.7,4.55
6.7,12,26,6.3,0,6.7,12,85.08333333333333,13.583333333333334,98.66666666666667,12.666666666666666,-5.68,4.7
6.5,8,15,9.7,0,6.9,8,120.42857142857143,20.857142857142858,141.28571428571428,18.428571428571427,5.85,4
6.5,11,4,5.5,0,6.5,11,62.46153846153846,1.6923076923076923,64.15384615384616,9.615384615384615,7.29,4.2
6.3,15,7,10.7,0,6.4,15,184.36363636363637,6.818181818181818,191.1818181818182,29.363636363636363,2.42,4.3
6.3,13,37,8.4,3,6.6,16,145.72727272727272,28.181818181818183,173.9090909090909,23,5.23,4.5
6.1,19,33,14.8,1,7,20,135.76923076923077,37.53846153846154,173.30769230769232,22.153846153846153,6.16,4.72
5.9,12,7,11.4,0,6,12,137.5,8,145.5,23.4,-1.19,3.7666666666666666
5.9,5,21,9.2,1,6.3,6,77.75,16.083333333333332,93.83333333333333,13.166666666666666,3.94,4.3
5.8,10,19,7.2,1,5.9,11,98.07142857142857,9.785714285714286,107.85714285714286,16.928571428571427,3.98,3.8
5.8,9,40,9.8,4,6.9,13,54.18181818181818,35.63636363636363,89.81818181818181,9.363636363636363,4.44,4.82
5.6,10,41,9.8,1,6.2,11,113.46153846153847,31,144.46153846153845,20.153846153846153,-3.75,4.65
5.6,9,23,6.3,1,5.7,10,85.9090909090909,13.090909090909092,99,15.272727272727273,5.12,4
5.6,9,9,12.7,0,6.1,9,69,10.363636363636363,79.36363636363636,12.272727272727273,-2.21,6.3
5.6,5,24,8.7,1,6.2,6,36.142857142857146,14.857142857142858,51,6.5,5.3,3.2
5.5,18,28,14.4,4,6.3,22,106.85714285714286,28.714285714285715,135.57142857142858,19.428571428571427,5.44,4.433333333333334
5.5,4,22,6.8,1,5.7,5,70,12.416666666666666,82.41666666666667,12.666666666666666,2.57,4.5
5.5,5,20,11.9,3,6.7,8,37.07692307692308,18.23076923076923,55.30769230769231,6.6923076923076925,-1.11,4.55
5.4,12,10,10.6,1,5.7,13,106,10.6,116.6,19.6,3.6,3.4
5.2,2,13,9.9,0,5.7,2,46.916666666666664,10.75,57.666666666666664,9.083333333333334,1.65,3.933333333333333
5.1,15,35,6.3,0,5.2,15,117.23076923076923,16.846153846153847,134.07692307692307,22.923076923076923,3.07,5.4
5.1,16,53,9.3,1,5.9,17,89.42857142857143,35.214285714285715,124.64285714285714,17.428571428571427,5.54,4.733333333333333
5.1,16,21,14.4,4,5.9,20,84,23.23076923076923,107.23076923076923,16.615384615384617,3.51,4.125
5,8,5,17.2,1,5.3,9,86.92307692307692,6.615384615384615,93.53846153846153,17.23076923076923,2.57,5.325
4.9,17,20,7.6,0,5.1,17,75.53333333333333,10.133333333333333,85.66666666666667,15.466666666666667,6.55,4.6
4.9,11,17,7.4,0,5.1,11,74.58333333333333,10.416666666666666,85,15.166666666666666,5.51,4.5
4.9,8,28,10.5,5,6,13,41.76923076923077,22.53846153846154,64.3076923076923,8.538461538461538,-2.7,5.3
4.5,8,1,12,0,4.5,8,68.66666666666667,1,69.66666666666667,15.333333333333334,-6.41,4.45
4.3,14,44,10.7,1,5.9,15,44.666666666666664,39.083333333333336,83.75,10.5,3.9,1.8
3.8,3,11,4.8,2,3.9,5,53.833333333333336,4.416666666666667,58.25,14,-2.4,5.199999999999999
8.9,9,24,9.4,2,9,11,96.16666666666667,18.833333333333332,115,10.833333333333334,-0.79,4.55
7.9,16,9,10.7,1,8,17,87.64285714285714,6.857142857142857,94.5,11.142857142857142,7.01,4.5
7.8,23,19,7.1,2,7.7,25,172.92307692307693,10.384615384615385,183.30769230769232,22.23076923076923,-3.87,6.3
7.4,11,12,7.6,0,7.4,11,71.42857142857143,6.5,77.92857142857143,9.642857142857142,5.46,4.8
7.2,14,0,0,0,7.2,14,134.30769230769232,0,134.30769230769232,18.615384615384617,-3,4.45
6.9,9,13,7.8,0,7,9,110,7.769230769230769,117.76923076923077,15.846153846153847,8.94,4.3
6.6,13,8,11.9,0,6.7,13,141.21428571428572,6.785714285714286,148,21.357142857142858,6.18,5.25
6.4,32,19,10.4,1,6.6,33,137,14.142857142857142,151.14285714285714,21.5,-4.78,4.7
6.4,5,5,12,1,6.6,6,72.91666666666667,5,77.91666666666667,11.416666666666666,9.78,3.9
6.2,21,19,12.2,3,6.7,24,106.15384615384616,17.846153846153847,124,17.076923076923077,1.61,3.8
6.1,5,16,8.7,2,6.4,7,57.23076923076923,10.692307692307692,67.92307692307692,9.307692307692308,5.26,4.1
6,16,14,11.7,0,6.4,16,122.91666666666667,13.666666666666666,136.58333333333334,20.333333333333332,1.89,4
6,15,4,7.5,0,6.1,15,89.66666666666667,2,91.66666666666667,14.866666666666667,7.01,5.325
5.9,18,54,11.7,3,7,21,97.76923076923077,48.61538461538461,146.3846153846154,16.692307692307693,6.31,4.433333333333334
5.8,8,11,9.1,1,6.1,9,50.81818181818182,9.090909090909092,59.90909090909091,8.818181818181818,4.1,4.3
5.7,8,20,9.1,1,6,9,80.53846153846153,13.923076923076923,94.46153846153847,14.076923076923077,-5.98,4.3
5.7,9,23,14.4,0,6.9,9,63.07692307692308,25.46153846153846,88.53846153846153,11.153846153846153,3.93,3.9
5.6,12,26,5.8,0,5.7,12,85.61538461538461,11.692307692307692,97.3076923076923,15.153846153846153,5.55,4.9
5.5,4,8,4.8,0,5.5,4,60.27272727272727,3.4545454545454546,63.72727272727273,10.909090909090908,4.23,4.2
5.3,14,0,0,0,5.3,14,122.23076923076923,0,122.23076923076923,23.076923076923077,7.08,4.3
5.2,12,8,14.4,2,5.5,14,90.91666666666667,9.583333333333334,100.5,17.583333333333332,-0.57,6.3
5.1,12,28,10.1,1,5.7,13,77.57142857142857,20.285714285714285,97.85714285714286,15.142857142857142,-0.48,3.7
5.1,6,16,9.8,1,5.6,7,52.69230769230769,12.076923076923077,64.76923076923077,10.384615384615385,6.98,4.5
5,1,12,2.7,1,4.7,2,39.25,2.6666666666666665,41.916666666666664,7.916666666666667,3.85,5.3
4.9,14,23,11.2,1,5.3,15,122.83333333333333,21.416666666666668,144.25,25.083333333333332,-0.36,4.733333333333333
4.9,18,24,8.1,2,5.1,20,115.91666666666667,16.166666666666668,132.08333333333334,23.75,6.38,4.5
4.8,8,17,6.4,0,5,8,42.57142857142857,7.785714285714286,50.357142857142854,8.857142857142858,5.46,4.2
4.6,11,44,6.3,0,4.8,11,100.84615384615384,21.23076923076923,122.07692307692308,22.076923076923077,5.13,5.4
4.4,11,36,8.2,0,4.9,11,88.15384615384616,22.76923076923077,110.92307692307692,19.846153846153847,3.85,3.933333333333333
4.3,6,13,7.9,1,4.6,7,59.416666666666664,8.583333333333334,68,13.666666666666666,6.15,5.1
4.3,6,20,4.6,0,4.3,6,51.46153846153846,7,58.46153846153846,12.076923076923077,3.72,1.8
4.1,7,11,13.9,2,4.7,9,66.33333333333333,12.75,79.08333333333333,16.083333333333332,-5.56,5.3
8.9,22,19,15.5,3,9.5,25,146.84615384615384,22.692307692307693,169.53846153846155,16.46153846153846,-3.88,4.55
7.9,12,13,13.1,2,8.3,14,103.66666666666667,14.166666666666666,117.83333333333333,13.083333333333334,5.09,5
7.1,16,8,7.5,0,7.2,16,168.76923076923077,4.615384615384615,173.3846153846154,23.615384615384617,2.6,5.25
7.1,2,25,5.4,1,6.7,3,66.33333333333333,15,81.33333333333333,9.333333333333334,1.7,4.3
6.7,13,20,17.5,3,8,16,75.76923076923077,26.846153846153847,102.61538461538461,11.23076923076923,-2.32,4.7
6.7,4,4,1.8,0,6.5,4,52.2,0.4666666666666667,52.666666666666664,7.8,6.63,3.9
6.4,10,32,9.3,3,6.9,13,74.92857142857143,21.214285714285715,96.14285714285714,11.642857142857142,6.33,4.1
6,7,22,10.4,2,6.6,9,56.92307692307692,17.615384615384617,74.53846153846153,9.538461538461538,3.67,3.6
5.8,9,24,5.8,0,5.8,9,98,10.692307692307692,108.6923076923077,16.923076923076923,4.86,5.133333333333333
5.8,13,12,15.1,0,6.4,13,67.64285714285714,12.928571428571429,80.57142857142857,11.714285714285714,6.14,4.1
5.8,9,22,9.3,0,6.3,9,58.4,13.6,72,10,6.63,4.8
5.5,14,7,8.9,0,5.7,14,77.92307692307692,4.769230769230769,82.6923076923077,14.076923076923077,-5.29,3.9
5.2,22,6,6,0,5.2,22,112.33333333333333,3,115.33333333333333,21.75,-2.15,4.7
4.9,12,21,3.7,1,4.8,13,105.66666666666667,6.416666666666667,112.08333333333333,21.583333333333332,3.7,3.8
4.9,10,8,5.1,1,4.9,11,110.8,4.1,114.9,22.7,1.78,4.3
4.7,17,27,6.4,0,4.8,17,108.84615384615384,13.307692307692308,122.15384615384616,23.23076923076923,-0.46,3.7
4.7,13,22,7.1,0,4.9,13,101.33333333333333,13.083333333333334,114.41666666666667,21.416666666666668,4.01,3.933333333333333
4.5,7,11,8.7,0,4.8,7,50.61538461538461,7.384615384615385,58,11.23076923076923,5.67,4.35
4.4,5,9,4.3,0,4.4,5,41.583333333333336,3.25,44.833333333333336,9.416666666666666,2.14,4.2
6.6,16,55,8.2,1,6.9,17,94.26666666666667,30.2,124.46666666666667,14.333333333333334,6.6,4.35
6.4,21,23,8.6,0,6.5,21,161.07692307692307,15.23076923076923,176.30769230769232,25.23076923076923,3.46,3.6
6.3,21,26,9.7,5,6.5,26,143.07142857142858,18,161.07142857142858,22.857142857142858,7.73,5.25
6.2,7,24,9,1,6.5,8,87,15.428571428571429,102.42857142857143,14,5.21,4.1
5.9,13,27,11.3,7,6.5,20,94.15384615384616,23.384615384615383,117.53846153846153,16.076923076923077,2.81,3.9
5.8,19,13,16.1,1,6.2,20,138.3846153846154,16.076923076923077,154.46153846153845,24,-6.49,3.9
5.8,16,10,7,1,5.9,17,81.92857142857143,5,86.92857142857143,14.142857142857142,-3.25,4.7
5.7,3,21,7.3,2,5.8,5,77.15384615384616,11.846153846153847,89,13.615384615384615,1.22,4.3
5.6,5,17,10.4,1,6.1,6,71.76923076923077,13.538461538461538,85.3076923076923,12.76923076923077,1.22,4.4
5.3,14,13,15,1,5.7,15,140.41666666666666,16.25,156.66666666666666,26.5,1.17,4.3
5.2,9,28,9.6,1,5.7,10,85.66666666666667,22.5,108.16666666666667,16.5,2.97,5
3.8,1,55,10.8,4,6.6,5,27.583333333333332,49.5,77.08333333333333,7.166666666666667,4.95,3.4
8,9,25,10.7,2,8.4,11,113.18181818181819,24.272727272727273,137.45454545454547,14.181818181818182,-1.55,4.3
7.6,8,10,17.9,1,8.3,9,107.54545454545455,16.272727272727273,123.81818181818181,14.090909090909092,1.78,4.2
7.6,19,0,0,0,7.6,19,178.66666666666666,0,178.66666666666666,23.5,1.73,3.9
7.5,4,12,7.9,0,7.5,4,108.75,11.875,120.625,14.5,8.99,4.1
7.3,19,25,12.2,3,7.9,22,103.63636363636364,27.727272727272727,131.36363636363637,14.272727272727273,-1.55,4.4
6.6,7,18,11.7,0,7.4,7,110.83333333333333,35.166666666666664,146,16.833333333333332,3.71,4.6
6.2,8,16,9.6,0,6.6,8,87.8,15.3,103.1,14.1,-2.25,4.7
5.8,26,43,9.9,4,6.4,30,112.76923076923077,32.69230769230769,145.46153846153845,19.307692307692307,9.72,3.9
5.1,5,22,7.2,3,5.4,8,111.33333333333333,26.5,137.83333333333334,22,-2.97,3.4
4.7,5,8,6.5,1,4.8,6,89.28571428571429,7.428571428571429,96.71428571428571,19,4.92,3.6
